region_id,timestamp,energy_consumption,building_type,population_density,historical_peak
R1,2025-11-01 00:00:00,371.7572641857542,Residential,6781,300
R2,2025-11-01 00:00:00,149.23436031415068,Commercial,7086,450
R3,2025-11-01 00:00:00,99.57971555246559,Residential,7624,400
R4,2025-11-01 00:00:00,94.59366527480964,Residential,4746,440
R1,2025-11-01 01:00:00,334.94057077781616,Residential,6781,300
R2,2025-11-01 01:00:00,139.06197414866438,Commercial,7086,450
R3,2025-11-01 01:00:00,367.308576924932,Residential,7624,400
R4,2025-11-01 01:00:00,301.1537062484763,Residential,4746,440
R1,2025-11-01 02:00:00,307.3641154523327,Residential,6781,300
R2,2025-11-01 02:00:00,113.88748987823558,Commercial,7086,450
R3,2025-11-01 02:00:00,268.47458056012,Residential,7624,400
R4,2025-11-01 02:00:00,118.91081625972629,Residential,4746,440
R1,2025-11-01 03:00:00,346.3170344009236,Residential,6781,300
R2,2025-11-01 03:00:00,90.2317615869973,Commercial,7086,450
R3,2025-11-01 03:00:00,143.5883126238841,Residential,7624,400
R4,2025-11-01 03:00:00,187.7940538258308,Residential,4746,440
R1,2025-11-01 04:00:00,193.75525960598878,Residential,6781,300
R2,2025-11-01 04:00:00,192.9234111427631,Commercial,7086,450
R3,2025-11-01 04:00:00,202.57529304155747,Residential,7624,400
R4,2025-11-01 04:00:00,164.84203552173636,Residential,4746,440
R1,2025-11-01 05:00:00,256.9034909038515,Residential,6781,300
R2,2025-11-01 05:00:00,353.7247131440537,Commercial,7086,450
R3,2025-11-01 05:00:00,369.20123455837313,Residential,7624,400
R4,2025-11-01 05:00:00,169.06736975524186,Residential,4746,440
R1,2025-11-01 06:00:00,213.80683660361512,Residential,6781,300
R2,2025-11-01 06:00:00,276.2095258951431,Commercial,7086,450
R3,2025-11-01 06:00:00,259.7439180465998,Residential,7624,400
R4,2025-11-01 06:00:00,138.3926656051331,Residential,4746,440
R1,2025-11-01 07:00:00,276.99029575827626,Residential,6781,300
R2,2025-11-01 07:00:00,217.69555442572914,Commercial,7086,450
R3,2025-11-01 07:00:00,236.57848588187755,Residential,7624,400
R4,2025-11-01 07:00:00,361.5536291552037,Residential,4746,440
R1,2025-11-01 08:00:00,278.8788870103224,Residential,6781,300
R2,2025-11-01 08:00:00,212.88129271864818,Commercial,7086,450
R3,2025-11-01 08:00:00,90.48186627008246,Residential,7624,400
R4,2025-11-01 08:00:00,215.19055291766102,Residential,4746,440
R1,2025-11-01 09:00:00,148.28833098484876,Residential,6781,300
R2,2025-11-01 09:00:00,89.60903504602823,Commercial,7086,450
R3,2025-11-01 09:00:00,379.9831199255754,Residential,7624,400
R4,2025-11-01 09:00:00,158.13798350659022,Residential,4746,440
R1,2025-11-01 10:00:00,371.03277269680535,Residential,6781,300
R2,2025-11-01 10:00:00,312.185612613222,Commercial,7086,450
R3,2025-11-01 10:00:00,222.24102951496565,Residential,7624,400
R4,2025-11-01 10:00:00,349.1817240560422,Residential,4746,440
R1,2025-11-01 11:00:00,199.84129127551003,Residential,6781,300
R2,2025-11-01 11:00:00,189.58400191859744,Commercial,7086,450
R3,2025-11-01 11:00:00,276.8292250949617,Residential,7624,400
R4,2025-11-01 11:00:00,197.74400547567896,Residential,4746,440
R1,2025-11-01 12:00:00,268.8024681263001,Residential,6781,300
R2,2025-11-01 12:00:00,314.6696922490148,Commercial,7086,450
R3,2025-11-01 12:00:00,173.25077988066357,Residential,7624,400
R4,2025-11-01 12:00:00,125.89323369556915,Residential,4746,440
R1,2025-11-01 13:00:00,303.0840480655012,Residential,6781,300
R2,2025-11-01 13:00:00,364.2816414002413,Commercial,7086,450
R3,2025-11-01 13:00:00,368.3500894943217,Residential,7624,400
R4,2025-11-01 13:00:00,92.02935191127551,Residential,4746,440
R1,2025-11-01 14:00:00,278.12886474193397,Residential,6781,300
R2,2025-11-01 14:00:00,334.94888448297695,Commercial,7086,450
R3,2025-11-01 14:00:00,257.8767404759179,Residential,7624,400
R4,2025-11-01 14:00:00,340.2046942410052,Residential,4746,440
R1,2025-11-01 15:00:00,262.8836665983264,Residential,6781,300
R2,2025-11-01 15:00:00,107.96783248902372,Commercial,7086,450
R3,2025-11-01 15:00:00,170.31991677072443,Residential,7624,400
R4,2025-11-01 15:00:00,167.74795403485794,Residential,4746,440
R1,2025-11-01 16:00:00,265.21420223573557,Residential,6781,300
R2,2025-11-01 16:00:00,316.7383605999628,Commercial,7086,450
R3,2025-11-01 16:00:00,297.3573965477719,Residential,7624,400
R4,2025-11-01 16:00:00,369.1955360041957,Residential,4746,440
R1,2025-11-01 17:00:00,388.37693750057286,Residential,6781,300
R2,2025-11-01 17:00:00,163.03337243755792,Commercial,7086,450
R3,2025-11-01 17:00:00,152.8443363912014,Residential,7624,400
R4,2025-11-01 17:00:00,97.66497865687268,Residential,4746,440
R1,2025-11-01 18:00:00,165.15651258763302,Residential,6781,300
R2,2025-11-01 18:00:00,340.26998084650666,Commercial,7086,450
R3,2025-11-01 18:00:00,281.8451439241115,Residential,7624,400
R4,2025-11-01 18:00:00,376.94556778448026,Residential,4746,440
R1,2025-11-01 19:00:00,309.2476796738953,Residential,6781,300
R2,2025-11-01 19:00:00,266.16901886761445,Commercial,7086,450
R3,2025-11-01 19:00:00,175.22185859372354,Residential,7624,400
R4,2025-11-01 19:00:00,82.90414546460482,Residential,4746,440
R1,2025-11-01 20:00:00,333.89256081832514,Residential,6781,300
R2,2025-11-01 20:00:00,189.62987263809836,Commercial,7086,450
R3,2025-11-01 20:00:00,133.48735734732992,Residential,7624,400
R4,2025-11-01 20:00:00,190.12096653234443,Residential,4746,440
R1,2025-11-01 21:00:00,126.8118594283651,Residential,6781,300
R2,2025-11-01 21:00:00,312.6111636204695,Commercial,7086,450
R3,2025-11-01 21:00:00,114.26054329727887,Residential,7624,400
R4,2025-11-01 21:00:00,279.8080066635547,Residential,4746,440
R1,2025-11-01 22:00:00,305.0245311868988,Residential,6781,300
R2,2025-11-01 22:00:00,151.1789314035097,Commercial,7086,450
R3,2025-11-01 22:00:00,104.93072853022096,Residential,7624,400
R4,2025-11-01 22:00:00,244.72496503697909,Residential,4746,440
R1,2025-11-01 23:00:00,201.7888978017439,Residential,6781,300
R2,2025-11-01 23:00:00,344.11227119170275,Commercial,7086,450
R3,2025-11-01 23:00:00,179.8597266247727,Residential,7624,400
R4,2025-11-01 23:00:00,93.63172982816334,Residential,4746,440
R1,2025-11-02 00:00:00,283.33910980431654,Residential,6781,300
R2,2025-11-02 00:00:00,198.36795849641928,Commercial,7086,450
R3,2025-11-02 00:00:00,213.20602678464851,Residential,7624,400
R4,2025-11-02 00:00:00,97.27810050017663,Residential,4746,440
R1,2025-11-02 01:00:00,136.5791926165162,Residential,6781,300
R2,2025-11-02 01:00:00,214.73491088719965,Commercial,7086,450
R3,2025-11-02 01:00:00,232.5132217333014,Residential,7624,400
R4,2025-11-02 01:00:00,114.40586340307323,Residential,4746,440
R1,2025-11-02 02:00:00,279.7638153550158,Residential,6781,300
R2,2025-11-02 02:00:00,317.6631187980639,Commercial,7086,450
R3,2025-11-02 02:00:00,92.46303273820423,Residential,7624,400
R4,2025-11-02 02:00:00,159.45231894581863,Residential,4746,440
R1,2025-11-02 03:00:00,372.8035374877053,Residential,6781,300
R2,2025-11-02 03:00:00,351.4858165031689,Commercial,7086,450
R3,2025-11-02 03:00:00,366.7401545262623,Residential,7624,400
R4,2025-11-02 03:00:00,348.42053828637927,Residential,4746,440
R1,2025-11-02 04:00:00,345.8471416817979,Residential,6781,300
R2,2025-11-02 04:00:00,380.44298822841705,Commercial,7086,450
R3,2025-11-02 04:00:00,292.2655468028437,Residential,7624,400
R4,2025-11-02 04:00:00,213.04822103544907,Residential,4746,440
R1,2025-11-02 05:00:00,381.790396578991,Residential,6781,300
R2,2025-11-02 05:00:00,372.611463229001,Commercial,7086,450
R3,2025-11-02 05:00:00,179.76822081151937,Residential,7624,400
R4,2025-11-02 05:00:00,250.04159297158304,Residential,4746,440
R1,2025-11-02 06:00:00,110.06299348619258,Residential,6781,300
R2,2025-11-02 06:00:00,269.3409336164128,Commercial,7086,450
R3,2025-11-02 06:00:00,167.54066410900998,Residential,7624,400
R4,2025-11-02 06:00:00,153.1166650949805,Residential,4746,440
R1,2025-11-02 07:00:00,271.0178132745492,Residential,6781,300
R2,2025-11-02 07:00:00,153.45794580168675,Commercial,7086,450
R3,2025-11-02 07:00:00,269.4110952849733,Residential,7624,400
R4,2025-11-02 07:00:00,111.85665653521707,Residential,4746,440
R1,2025-11-02 08:00:00,115.03050433582078,Residential,6781,300
R2,2025-11-02 08:00:00,300.4713885034258,Commercial,7086,450
R3,2025-11-02 08:00:00,269.60402788943225,Residential,7624,400
R4,2025-11-02 08:00:00,246.35350746327657,Residential,4746,440
R1,2025-11-02 09:00:00,222.08391668985573,Residential,6781,300
R2,2025-11-02 09:00:00,390.258445136309,Commercial,7086,450
R3,2025-11-02 09:00:00,242.1439392373723,Residential,7624,400
R4,2025-11-02 09:00:00,190.72720593098364,Residential,4746,440
R1,2025-11-02 10:00:00,89.21203344092714,Residential,6781,300
R2,2025-11-02 10:00:00,230.74561394764342,Commercial,7086,450
R3,2025-11-02 10:00:00,273.96562774206075,Residential,7624,400
R4,2025-11-02 10:00:00,276.02010029828534,Residential,4746,440
R1,2025-11-02 11:00:00,384.4601954763166,Residential,6781,300
R2,2025-11-02 11:00:00,256.9992924180707,Commercial,7086,450
R3,2025-11-02 11:00:00,96.88165921484457,Residential,7624,400
R4,2025-11-02 11:00:00,325.02270795448413,Residential,4746,440
R1,2025-11-02 12:00:00,139.7186288284344,Residential,6781,300
R2,2025-11-02 12:00:00,321.66790106447564,Commercial,7086,450
R3,2025-11-02 12:00:00,343.5319434980252,Residential,7624,400
R4,2025-11-02 12:00:00,290.6657893854687,Residential,4746,440
R1,2025-11-02 13:00:00,170.0403027415985,Residential,6781,300
R2,2025-11-02 13:00:00,138.3419759239822,Commercial,7086,450
R3,2025-11-02 13:00:00,233.41500005906258,Residential,7624,400
R4,2025-11-02 13:00:00,267.82540259021,Residential,4746,440
R1,2025-11-02 14:00:00,120.12783927897257,Residential,6781,300
R2,2025-11-02 14:00:00,314.93977018736587,Commercial,7086,450
R3,2025-11-02 14:00:00,382.7613101873532,Residential,7624,400
R4,2025-11-02 14:00:00,340.2120532267117,Residential,4746,440
R1,2025-11-02 15:00:00,132.0295908540314,Residential,6781,300
R2,2025-11-02 15:00:00,314.8401181984696,Commercial,7086,450
R3,2025-11-02 15:00:00,164.68473885517395,Residential,7624,400
R4,2025-11-02 15:00:00,294.89640383446715,Residential,4746,440
R1,2025-11-02 16:00:00,255.41670746573692,Residential,6781,300
R2,2025-11-02 16:00:00,266.5113174982178,Commercial,7086,450
R3,2025-11-02 16:00:00,308.964527731272,Residential,7624,400
R4,2025-11-02 16:00:00,286.5506760148295,Residential,4746,440
R1,2025-11-02 17:00:00,202.22142331339217,Residential,6781,300
R2,2025-11-02 17:00:00,103.87785373722923,Commercial,7086,450
R3,2025-11-02 17:00:00,315.12464175066145,Residential,7624,400
R4,2025-11-02 17:00:00,167.4720187888377,Residential,4746,440
R1,2025-11-02 18:00:00,151.00102531298123,Residential,6781,300
R2,2025-11-02 18:00:00,232.92558788004732,Commercial,7086,450
R3,2025-11-02 18:00:00,165.07940973373465,Residential,7624,400
R4,2025-11-02 18:00:00,132.76725150079085,Residential,4746,440
R1,2025-11-02 19:00:00,302.9883975948677,Residential,6781,300
R2,2025-11-02 19:00:00,269.1473438082272,Commercial,7086,450
R3,2025-11-02 19:00:00,80.32456559048931,Residential,7624,400
R4,2025-11-02 19:00:00,397.0055661170608,Residential,4746,440
R1,2025-11-02 20:00:00,347.5459872052779,Residential,6781,300
R2,2025-11-02 20:00:00,139.22263662998853,Commercial,7086,450
R3,2025-11-02 20:00:00,283.5240791381017,Residential,7624,400
R4,2025-11-02 20:00:00,214.37815955471845,Residential,4746,440
R1,2025-11-02 21:00:00,114.80041333782012,Residential,6781,300
R2,2025-11-02 21:00:00,233.93471108647503,Commercial,7086,450
R3,2025-11-02 21:00:00,370.3004494334435,Residential,7624,400
R4,2025-11-02 21:00:00,361.87339990847903,Residential,4746,440
R1,2025-11-02 22:00:00,397.10940601109036,Residential,6781,300
R2,2025-11-02 22:00:00,262.2026494356532,Commercial,7086,450
R3,2025-11-02 22:00:00,231.22151262105692,Residential,7624,400
R4,2025-11-02 22:00:00,360.12044375736434,Residential,4746,440
R1,2025-11-02 23:00:00,251.7569191729292,Residential,6781,300
R2,2025-11-02 23:00:00,223.5455374429165,Commercial,7086,450
R3,2025-11-02 23:00:00,158.3080570733642,Residential,7624,400
R4,2025-11-02 23:00:00,233.57465390387287,Residential,4746,440
R1,2025-11-03 00:00:00,373.2679333313395,Residential,6781,300
R2,2025-11-03 00:00:00,285.6437043422411,Commercial,7086,450
R3,2025-11-03 00:00:00,269.8147639610177,Residential,7624,400
R4,2025-11-03 00:00:00,135.7741138444735,Residential,4746,440
R1,2025-11-03 01:00:00,192.1525836454194,Residential,6781,300
R2,2025-11-03 01:00:00,318.69216417286793,Commercial,7086,450
R3,2025-11-03 01:00:00,171.04208761076578,Residential,7624,400
R4,2025-11-03 01:00:00,348.5293591270204,Residential,4746,440
R1,2025-11-03 02:00:00,107.39421916141364,Residential,6781,300
R2,2025-11-03 02:00:00,248.51040758547435,Commercial,7086,450
R3,2025-11-03 02:00:00,167.51598711138337,Residential,7624,400
R4,2025-11-03 02:00:00,125.45310085711921,Residential,4746,440
R1,2025-11-03 03:00:00,179.10548500748516,Residential,6781,300
R2,2025-11-03 03:00:00,269.0626504964772,Commercial,7086,450
R3,2025-11-03 03:00:00,182.1049537431113,Residential,7624,400
R4,2025-11-03 03:00:00,83.01794531813186,Residential,4746,440
R1,2025-11-03 04:00:00,114.77896717824481,Residential,6781,300
R2,2025-11-03 04:00:00,381.5836789569357,Commercial,7086,450
R3,2025-11-03 04:00:00,311.06431789464557,Residential,7624,400
R4,2025-11-03 04:00:00,287.0095687016685,Residential,4746,440
R1,2025-11-03 05:00:00,168.20428387316892,Residential,6781,300
R2,2025-11-03 05:00:00,153.37268004556012,Commercial,7086,450
R3,2025-11-03 05:00:00,104.46706286629282,Residential,7624,400
R4,2025-11-03 05:00:00,195.52668404999463,Residential,4746,440
R1,2025-11-03 06:00:00,162.90638474741527,Residential,6781,300
R2,2025-11-03 06:00:00,91.9597907337863,Commercial,7086,450
R3,2025-11-03 06:00:00,337.47514068411465,Residential,7624,400
R4,2025-11-03 06:00:00,115.88666280721128,Residential,4746,440
R1,2025-11-03 07:00:00,125.62492005128718,Residential,6781,300
R2,2025-11-03 07:00:00,237.75951461093427,Commercial,7086,450
R3,2025-11-03 07:00:00,224.19883916144468,Residential,7624,400
R4,2025-11-03 07:00:00,137.76233335941754,Residential,4746,440
R1,2025-11-03 08:00:00,119.65706632041659,Residential,6781,300
R2,2025-11-03 08:00:00,313.80868519832563,Commercial,7086,450
R3,2025-11-03 08:00:00,310.08056380804334,Residential,7624,400
R4,2025-11-03 08:00:00,207.08999127542177,Residential,4746,440
R1,2025-11-03 09:00:00,200.3516837304336,Residential,6781,300
R2,2025-11-03 09:00:00,94.36297060507454,Commercial,7086,450
R3,2025-11-03 09:00:00,292.9106816763058,Residential,7624,400
R4,2025-11-03 09:00:00,356.73242754589205,Residential,4746,440
R1,2025-11-03 10:00:00,211.10598755170696,Residential,6781,300
R2,2025-11-03 10:00:00,216.3618580549033,Commercial,7086,450
R3,2025-11-03 10:00:00,175.31586123287246,Residential,7624,400
R4,2025-11-03 10:00:00,262.60250979893226,Residential,4746,440
R1,2025-11-03 11:00:00,355.94083775210476,Residential,6781,300
R2,2025-11-03 11:00:00,312.4436851117878,Commercial,7086,450
R3,2025-11-03 11:00:00,391.0499019432848,Residential,7624,400
R4,2025-11-03 11:00:00,360.8743427615844,Residential,4746,440
R1,2025-11-03 12:00:00,386.09440950751656,Residential,6781,300
R2,2025-11-03 12:00:00,123.43251752873297,Commercial,7086,450
R3,2025-11-03 12:00:00,155.207386777096,Residential,7624,400
R4,2025-11-03 12:00:00,293.0704743943929,Residential,4746,440
R1,2025-11-03 13:00:00,340.995288715635,Residential,6781,300
R2,2025-11-03 13:00:00,82.65684049473748,Commercial,7086,450
R3,2025-11-03 13:00:00,309.6701871339004,Residential,7624,400
R4,2025-11-03 13:00:00,96.10331765831866,Residential,4746,440
R1,2025-11-03 14:00:00,255.73952841979053,Residential,6781,300
R2,2025-11-03 14:00:00,279.74416524840126,Commercial,7086,450
R3,2025-11-03 14:00:00,344.35804802239477,Residential,7624,400
R4,2025-11-03 14:00:00,366.62630586550887,Residential,4746,440
R1,2025-11-03 15:00:00,259.11076868859607,Residential,6781,300
R2,2025-11-03 15:00:00,235.67570307955862,Commercial,7086,450
R3,2025-11-03 15:00:00,180.60222807199764,Residential,7624,400
R4,2025-11-03 15:00:00,215.7531445913571,Residential,4746,440
R1,2025-11-03 16:00:00,186.82354513051447,Residential,6781,300
R2,2025-11-03 16:00:00,119.35889001367298,Commercial,7086,450
R3,2025-11-03 16:00:00,113.40631247613892,Residential,7624,400
R4,2025-11-03 16:00:00,115.80424545125211,Residential,4746,440
R1,2025-11-03 17:00:00,210.28928232787678,Residential,6781,300
R2,2025-11-03 17:00:00,265.4329314790634,Commercial,7086,450
R3,2025-11-03 17:00:00,244.35604218147756,Residential,7624,400
R4,2025-11-03 17:00:00,203.782502375316,Residential,4746,440
R1,2025-11-03 18:00:00,185.89327941248766,Residential,6781,300
R2,2025-11-03 18:00:00,357.1768746950657,Commercial,7086,450
R3,2025-11-03 18:00:00,139.4371752991046,Residential,7624,400
R4,2025-11-03 18:00:00,242.65922581415435,Residential,4746,440
R1,2025-11-03 19:00:00,163.00557173876544,Residential,6781,300
R2,2025-11-03 19:00:00,187.08783763355171,Commercial,7086,450
R3,2025-11-03 19:00:00,337.530947925216,Residential,7624,400
R4,2025-11-03 19:00:00,171.29254649215568,Residential,4746,440
R1,2025-11-03 20:00:00,339.11269993160204,Residential,6781,300
R2,2025-11-03 20:00:00,180.22603035116953,Commercial,7086,450
R3,2025-11-03 20:00:00,170.28341945642813,Residential,7624,400
R4,2025-11-03 20:00:00,399.2636534020372,Residential,4746,440
R1,2025-11-03 21:00:00,142.44271832341238,Residential,6781,300
R2,2025-11-03 21:00:00,220.0261690409474,Commercial,7086,450
R3,2025-11-03 21:00:00,370.985628114958,Residential,7624,400
R4,2025-11-03 21:00:00,259.1473656816233,Residential,4746,440
R1,2025-11-03 22:00:00,101.4154867404244,Residential,6781,300
R2,2025-11-03 22:00:00,361.0516555891563,Commercial,7086,450
R3,2025-11-03 22:00:00,210.7215904696904,Residential,7624,400
R4,2025-11-03 22:00:00,158.0845103280122,Residential,4746,440
R1,2025-11-03 23:00:00,331.4490321984084,Residential,6781,300
R2,2025-11-03 23:00:00,278.79972932561657,Commercial,7086,450
R3,2025-11-03 23:00:00,128.56106919960254,Residential,7624,400
R4,2025-11-03 23:00:00,240.38762662592683,Residential,4746,440
R1,2025-11-04 00:00:00,377.91614370313124,Residential,6781,300
R2,2025-11-04 00:00:00,223.39562339957132,Commercial,7086,450
R3,2025-11-04 00:00:00,105.08052948517914,Residential,7624,400
R4,2025-11-04 00:00:00,289.53113800650993,Residential,4746,440
R1,2025-11-04 01:00:00,337.8419322977561,Residential,6781,300
R2,2025-11-04 01:00:00,363.7677454899154,Commercial,7086,450
R3,2025-11-04 01:00:00,322.14866756115237,Residential,7624,400
R4,2025-11-04 01:00:00,340.72116854020777,Residential,4746,440
R1,2025-11-04 02:00:00,236.29000317543972,Residential,6781,300
R2,2025-11-04 02:00:00,92.37876152026888,Commercial,7086,450
R3,2025-11-04 02:00:00,316.80076570364326,Residential,7624,400
R4,2025-11-04 02:00:00,362.50710318782313,Residential,4746,440
R1,2025-11-04 03:00:00,215.91922488816184,Residential,6781,300
R2,2025-11-04 03:00:00,187.2387016935116,Commercial,7086,450
R3,2025-11-04 03:00:00,126.49747288550067,Residential,7624,400
R4,2025-11-04 03:00:00,239.36834602348623,Residential,4746,440
R1,2025-11-04 04:00:00,131.918405389108,Residential,6781,300
R2,2025-11-04 04:00:00,351.4011410332286,Commercial,7086,450
R3,2025-11-04 04:00:00,88.78868926463419,Residential,7624,400
R4,2025-11-04 04:00:00,196.5661990827951,Residential,4746,440
R1,2025-11-04 05:00:00,318.12396399763975,Residential,6781,300
R2,2025-11-04 05:00:00,316.7941189562881,Commercial,7086,450
R3,2025-11-04 05:00:00,125.71635375106848,Residential,7624,400
R4,2025-11-04 05:00:00,226.51849007576348,Residential,4746,440
R1,2025-11-04 06:00:00,125.23515670614646,Residential,6781,300
R2,2025-11-04 06:00:00,335.61576405834023,Commercial,7086,450
R3,2025-11-04 06:00:00,362.99208818765186,Residential,7624,400
R4,2025-11-04 06:00:00,207.2727329376158,Residential,4746,440
R1,2025-11-04 07:00:00,229.32217631294924,Residential,6781,300
R2,2025-11-04 07:00:00,379.7098853572404,Commercial,7086,450
R3,2025-11-04 07:00:00,194.390092106904,Residential,7624,400
R4,2025-11-04 07:00:00,385.50937533316096,Residential,4746,440
R1,2025-11-04 08:00:00,342.1404067549866,Residential,6781,300
R2,2025-11-04 08:00:00,113.20753158742413,Commercial,7086,450
R3,2025-11-04 08:00:00,378.087430124752,Residential,7624,400
R4,2025-11-04 08:00:00,350.8477829303728,Residential,4746,440
R1,2025-11-04 09:00:00,325.0626943021862,Residential,6781,300
R2,2025-11-04 09:00:00,242.2084936060255,Commercial,7086,450
R3,2025-11-04 09:00:00,247.12389124997796,Residential,7624,400
R4,2025-11-04 09:00:00,352.412767662685,Residential,4746,440
R1,2025-11-04 10:00:00,210.5034538381508,Residential,6781,300
R2,2025-11-04 10:00:00,353.31889935568216,Commercial,7086,450
R3,2025-11-04 10:00:00,352.1500154062404,Residential,7624,400
R4,2025-11-04 10:00:00,399.905446077566,Residential,4746,440
R1,2025-11-04 11:00:00,142.3959298599953,Residential,6781,300
R2,2025-11-04 11:00:00,138.5061332290146,Commercial,7086,450
R3,2025-11-04 11:00:00,244.20548742227308,Residential,7624,400
R4,2025-11-04 11:00:00,87.80999622014974,Residential,4746,440
R1,2025-11-04 12:00:00,330.6469757954498,Residential,6781,300
R2,2025-11-04 12:00:00,191.94374567592894,Commercial,7086,450
R3,2025-11-04 12:00:00,85.24701805644483,Residential,7624,400
R4,2025-11-04 12:00:00,213.11191983771366,Residential,4746,440
R1,2025-11-04 13:00:00,369.43454670448614,Residential,6781,300
R2,2025-11-04 13:00:00,274.6636485074077,Commercial,7086,450
R3,2025-11-04 13:00:00,248.0155821379335,Residential,7624,400
R4,2025-11-04 13:00:00,189.69003112438034,Residential,4746,440
R1,2025-11-04 14:00:00,308.1476396347064,Residential,6781,300
R2,2025-11-04 14:00:00,380.3240513905441,Commercial,7086,450
R3,2025-11-04 14:00:00,191.4764218646099,Residential,7624,400
R4,2025-11-04 14:00:00,296.98610927411653,Residential,4746,440
R1,2025-11-04 15:00:00,231.03060950541104,Residential,6781,300
R2,2025-11-04 15:00:00,153.6177249933674,Commercial,7086,450
R3,2025-11-04 15:00:00,275.67405770610435,Residential,7624,400
R4,2025-11-04 15:00:00,251.08935167418653,Residential,4746,440
R1,2025-11-04 16:00:00,394.94282579072205,Residential,6781,300
R2,2025-11-04 16:00:00,233.44182486866504,Commercial,7086,450
R3,2025-11-04 16:00:00,175.6483193096705,Residential,7624,400
R4,2025-11-04 16:00:00,292.3151164662387,Residential,4746,440
R1,2025-11-04 17:00:00,344.63759449349334,Residential,6781,300
R2,2025-11-04 17:00:00,260.27252765189803,Commercial,7086,450
R3,2025-11-04 17:00:00,260.38947075007513,Residential,7624,400
R4,2025-11-04 17:00:00,253.05713916919433,Residential,4746,440
R1,2025-11-04 18:00:00,140.79620755787292,Residential,6781,300
R2,2025-11-04 18:00:00,284.1092488243371,Commercial,7086,450
R3,2025-11-04 18:00:00,318.1134001250786,Residential,7624,400
R4,2025-11-04 18:00:00,351.6253927463797,Residential,4746,440
R1,2025-11-04 19:00:00,94.82822685647872,Residential,6781,300
R2,2025-11-04 19:00:00,84.52411509787588,Commercial,7086,450
R3,2025-11-04 19:00:00,375.3397798160827,Residential,7624,400
R4,2025-11-04 19:00:00,98.04882373310619,Residential,4746,440
R1,2025-11-04 20:00:00,367.3793219764834,Residential,6781,300
R2,2025-11-04 20:00:00,354.94128815352246,Commercial,7086,450
R3,2025-11-04 20:00:00,327.55911563424525,Residential,7624,400
R4,2025-11-04 20:00:00,253.08788955693353,Residential,4746,440
R1,2025-11-04 21:00:00,154.8769851795982,Residential,6781,300
R2,2025-11-04 21:00:00,158.93762350107335,Commercial,7086,450
R3,2025-11-04 21:00:00,194.5885555142312,Residential,7624,400
R4,2025-11-04 21:00:00,360.1005399787538,Residential,4746,440
R1,2025-11-04 22:00:00,301.24159647817334,Residential,6781,300
R2,2025-11-04 22:00:00,380.5963103953918,Commercial,7086,450
R3,2025-11-04 22:00:00,388.9054968839641,Residential,7624,400
R4,2025-11-04 22:00:00,242.55282237190272,Residential,4746,440
R1,2025-11-04 23:00:00,133.43222300958655,Residential,6781,300
R2,2025-11-04 23:00:00,345.9403485249394,Commercial,7086,450
R3,2025-11-04 23:00:00,114.89309846738998,Residential,7624,400
R4,2025-11-04 23:00:00,289.3237369263607,Residential,4746,440
R1,2025-11-05 00:00:00,161.54090966519303,Residential,6781,300
R2,2025-11-05 00:00:00,278.716334685681,Commercial,7086,450
R3,2025-11-05 00:00:00,317.48832375798855,Residential,7624,400
R4,2025-11-05 00:00:00,184.72443705564103,Residential,4746,440
R1,2025-11-05 01:00:00,332.24556292908824,Residential,6781,300
R2,2025-11-05 01:00:00,183.7279512244918,Commercial,7086,450
R3,2025-11-05 01:00:00,393.0765949986035,Residential,7624,400
R4,2025-11-05 01:00:00,340.0233081440678,Residential,4746,440
R1,2025-11-05 02:00:00,96.06384753532583,Residential,6781,300
R2,2025-11-05 02:00:00,229.09917783939537,Commercial,7086,450
R3,2025-11-05 02:00:00,171.12442345725245,Residential,7624,400
R4,2025-11-05 02:00:00,294.1637099651639,Residential,4746,440
R1,2025-11-05 03:00:00,178.83127528417498,Residential,6781,300
R2,2025-11-05 03:00:00,275.44227941729145,Commercial,7086,450
R3,2025-11-05 03:00:00,271.191318015523,Residential,7624,400
R4,2025-11-05 03:00:00,106.48764387259607,Residential,4746,440
R1,2025-11-05 04:00:00,124.83488635666802,Residential,6781,300
R2,2025-11-05 04:00:00,177.03466946844225,Commercial,7086,450
R3,2025-11-05 04:00:00,222.0636708227275,Residential,7624,400
R4,2025-11-05 04:00:00,276.3488231370079,Residential,4746,440
R1,2025-11-05 05:00:00,119.00851168493638,Residential,6781,300
R2,2025-11-05 05:00:00,307.6808902639668,Commercial,7086,450
R3,2025-11-05 05:00:00,348.88438184706166,Residential,7624,400
R4,2025-11-05 05:00:00,168.37406776726667,Residential,4746,440
R1,2025-11-05 06:00:00,347.16788316706294,Residential,6781,300
R2,2025-11-05 06:00:00,389.2090157006013,Commercial,7086,450
R3,2025-11-05 06:00:00,177.03423865517448,Residential,7624,400
R4,2025-11-05 06:00:00,233.67398897259645,Residential,4746,440
R1,2025-11-05 07:00:00,247.0194933521256,Residential,6781,300
R2,2025-11-05 07:00:00,162.0601729319391,Commercial,7086,450
R3,2025-11-05 07:00:00,280.7006254018584,Residential,7624,400
R4,2025-11-05 07:00:00,349.06610094486484,Residential,4746,440
R1,2025-11-05 08:00:00,154.73097679076776,Residential,6781,300
R2,2025-11-05 08:00:00,370.9839467007779,Commercial,7086,450
R3,2025-11-05 08:00:00,190.04448327911734,Residential,7624,400
R4,2025-11-05 08:00:00,282.8588662082974,Residential,4746,440
R1,2025-11-05 09:00:00,269.67126626243453,Residential,6781,300
R2,2025-11-05 09:00:00,131.05668939489053,Commercial,7086,450
R3,2025-11-05 09:00:00,113.79859682508649,Residential,7624,400
R4,2025-11-05 09:00:00,309.93490532188184,Residential,4746,440
R1,2025-11-05 10:00:00,286.71753953593696,Residential,6781,300
R2,2025-11-05 10:00:00,367.96837215426547,Commercial,7086,450
R3,2025-11-05 10:00:00,363.1927329569554,Residential,7624,400
R4,2025-11-05 10:00:00,360.07908575121684,Residential,4746,440
R1,2025-11-05 11:00:00,117.773341804264,Residential,6781,300
R2,2025-11-05 11:00:00,336.4361960099186,Commercial,7086,450
R3,2025-11-05 11:00:00,125.38887372054603,Residential,7624,400
R4,2025-11-05 11:00:00,317.5752083130148,Residential,4746,440
R1,2025-11-05 12:00:00,118.58728372735979,Residential,6781,300
R2,2025-11-05 12:00:00,308.3640430579329,Commercial,7086,450
R3,2025-11-05 12:00:00,383.5997699857254,Residential,7624,400
R4,2025-11-05 12:00:00,314.4762646242597,Residential,4746,440
R1,2025-11-05 13:00:00,298.3403522737012,Residential,6781,300
R2,2025-11-05 13:00:00,171.23858968923912,Commercial,7086,450
R3,2025-11-05 13:00:00,142.50659626656375,Residential,7624,400
R4,2025-11-05 13:00:00,161.05697046437217,Residential,4746,440
R1,2025-11-05 14:00:00,169.17396344639394,Residential,6781,300
R2,2025-11-05 14:00:00,254.51572838063686,Commercial,7086,450
R3,2025-11-05 14:00:00,399.2140026531539,Residential,7624,400
R4,2025-11-05 14:00:00,83.4597672762678,Residential,4746,440
R1,2025-11-05 15:00:00,385.5033979650653,Residential,6781,300
R2,2025-11-05 15:00:00,104.60134752298015,Commercial,7086,450
R3,2025-11-05 15:00:00,123.80426713040933,Residential,7624,400
R4,2025-11-05 15:00:00,168.85702808478806,Residential,4746,440
R1,2025-11-05 16:00:00,196.42670922806087,Residential,6781,300
R2,2025-11-05 16:00:00,143.07173497899237,Commercial,7086,450
R3,2025-11-05 16:00:00,292.3869559352205,Residential,7624,400
R4,2025-11-05 16:00:00,399.5856931451623,Residential,4746,440
R1,2025-11-05 17:00:00,317.5553541936921,Residential,6781,300
R2,2025-11-05 17:00:00,104.41457987531567,Commercial,7086,450
R3,2025-11-05 17:00:00,85.61167248514586,Residential,7624,400
R4,2025-11-05 17:00:00,336.6534867904908,Residential,4746,440
R1,2025-11-05 18:00:00,83.39036914615608,Residential,6781,300
R2,2025-11-05 18:00:00,301.1247693692096,Commercial,7086,450
R3,2025-11-05 18:00:00,180.81425888661812,Residential,7624,400
R4,2025-11-05 18:00:00,238.44008254574308,Residential,4746,440
R1,2025-11-05 19:00:00,85.9886066393278,Residential,6781,300
R2,2025-11-05 19:00:00,145.6202631809885,Commercial,7086,450
R3,2025-11-05 19:00:00,242.52286042195135,Residential,7624,400
R4,2025-11-05 19:00:00,206.1414815393128,Residential,4746,440
R1,2025-11-05 20:00:00,232.97280765346014,Residential,6781,300
R2,2025-11-05 20:00:00,80.8144124968598,Commercial,7086,450
R3,2025-11-05 20:00:00,309.15807855075104,Residential,7624,400
R4,2025-11-05 20:00:00,342.21990532640484,Residential,4746,440
R1,2025-11-05 21:00:00,114.14070147016545,Residential,6781,300
R2,2025-11-05 21:00:00,263.1079144824271,Commercial,7086,450
R3,2025-11-05 21:00:00,91.21178033931204,Residential,7624,400
R4,2025-11-05 21:00:00,188.7724157062015,Residential,4746,440
R1,2025-11-05 22:00:00,105.11551370526004,Residential,6781,300
R2,2025-11-05 22:00:00,177.01199069968504,Commercial,7086,450
R3,2025-11-05 22:00:00,262.8517661559445,Residential,7624,400
R4,2025-11-05 22:00:00,157.95996693926537,Residential,4746,440
R1,2025-11-05 23:00:00,220.48534838197114,Residential,6781,300
R2,2025-11-05 23:00:00,268.90065574369703,Commercial,7086,450
R3,2025-11-05 23:00:00,390.2461532899623,Residential,7624,400
R4,2025-11-05 23:00:00,241.1416376453031,Residential,4746,440
R1,2025-11-06 00:00:00,350.0053463051316,Residential,6781,300
R2,2025-11-06 00:00:00,374.2695006773513,Commercial,7086,450
R3,2025-11-06 00:00:00,222.1612051600032,Residential,7624,400
R4,2025-11-06 00:00:00,222.09829286064834,Residential,4746,440
R1,2025-11-06 01:00:00,311.89284571895615,Residential,6781,300
R2,2025-11-06 01:00:00,249.3225953306592,Commercial,7086,450
R3,2025-11-06 01:00:00,358.79250579996915,Residential,7624,400
R4,2025-11-06 01:00:00,296.10120668115815,Residential,4746,440
R1,2025-11-06 02:00:00,205.05718602854324,Residential,6781,300
R2,2025-11-06 02:00:00,178.64284449522887,Commercial,7086,450
R3,2025-11-06 02:00:00,372.2950252616986,Residential,7624,400
R4,2025-11-06 02:00:00,303.54049452082717,Residential,4746,440
R1,2025-11-06 03:00:00,239.38943973590392,Residential,6781,300
R2,2025-11-06 03:00:00,387.17338126192027,Commercial,7086,450
R3,2025-11-06 03:00:00,333.1719642882211,Residential,7624,400
R4,2025-11-06 03:00:00,238.54172780658018,Residential,4746,440
R1,2025-11-06 04:00:00,84.86032673685156,Residential,6781,300
R2,2025-11-06 04:00:00,87.5101699500189,Commercial,7086,450
R3,2025-11-06 04:00:00,146.10115226304833,Residential,7624,400
R4,2025-11-06 04:00:00,130.72011854190663,Residential,4746,440
R1,2025-11-06 05:00:00,312.25112300379294,Residential,6781,300
R2,2025-11-06 05:00:00,365.1598684132712,Commercial,7086,450
R3,2025-11-06 05:00:00,169.88062789530392,Residential,7624,400
R4,2025-11-06 05:00:00,379.9725597838824,Residential,4746,440
R1,2025-11-06 06:00:00,392.268625071758,Residential,6781,300
R2,2025-11-06 06:00:00,311.10066433726,Commercial,7086,450
R3,2025-11-06 06:00:00,308.4701902258942,Residential,7624,400
R4,2025-11-06 06:00:00,378.82346316075296,Residential,4746,440
R1,2025-11-06 07:00:00,316.9236752380435,Residential,6781,300
R2,2025-11-06 07:00:00,154.6884800440008,Commercial,7086,450
R3,2025-11-06 07:00:00,234.38736748604168,Residential,7624,400
R4,2025-11-06 07:00:00,279.0936714620478,Residential,4746,440
R1,2025-11-06 08:00:00,98.67967686886817,Residential,6781,300
R2,2025-11-06 08:00:00,347.9873023127892,Commercial,7086,450
R3,2025-11-06 08:00:00,242.4451340224105,Residential,7624,400
R4,2025-11-06 08:00:00,236.53022739101368,Residential,4746,440
R1,2025-11-06 09:00:00,101.99065615830474,Residential,6781,300
R2,2025-11-06 09:00:00,349.47491710756833,Commercial,7086,450
R3,2025-11-06 09:00:00,282.8403928310348,Residential,7624,400
R4,2025-11-06 09:00:00,118.31908007931918,Residential,4746,440
R1,2025-11-06 10:00:00,379.47635542386615,Residential,6781,300
R2,2025-11-06 10:00:00,253.55936984622002,Commercial,7086,450
R3,2025-11-06 10:00:00,349.0149994822114,Residential,7624,400
R4,2025-11-06 10:00:00,256.43483273175787,Residential,4746,440
R1,2025-11-06 11:00:00,142.61291610581085,Residential,6781,300
R2,2025-11-06 11:00:00,143.96517136308933,Commercial,7086,450
R3,2025-11-06 11:00:00,199.7305968114943,Residential,7624,400
R4,2025-11-06 11:00:00,235.8507311556954,Residential,4746,440
R1,2025-11-06 12:00:00,342.3259052800992,Residential,6781,300
R2,2025-11-06 12:00:00,346.0609343592714,Commercial,7086,450
R3,2025-11-06 12:00:00,375.11505026250484,Residential,7624,400
R4,2025-11-06 12:00:00,302.9864624816849,Residential,4746,440
R1,2025-11-06 13:00:00,201.13186563985178,Residential,6781,300
R2,2025-11-06 13:00:00,329.7266364571517,Commercial,7086,450
R3,2025-11-06 13:00:00,211.09728688038388,Residential,7624,400
R4,2025-11-06 13:00:00,224.06721523749994,Residential,4746,440
R1,2025-11-06 14:00:00,155.9138944360986,Residential,6781,300
R2,2025-11-06 14:00:00,125.10355040097849,Commercial,7086,450
R3,2025-11-06 14:00:00,243.92820110967062,Residential,7624,400
R4,2025-11-06 14:00:00,209.60199429318592,Residential,4746,440
R1,2025-11-06 15:00:00,192.28668039346678,Residential,6781,300
R2,2025-11-06 15:00:00,389.17403743851656,Commercial,7086,450
R3,2025-11-06 15:00:00,167.50398251378562,Residential,7624,400
R4,2025-11-06 15:00:00,231.30725494562972,Residential,4746,440
R1,2025-11-06 16:00:00,256.6047247487046,Residential,6781,300
R2,2025-11-06 16:00:00,358.774689389556,Commercial,7086,450
R3,2025-11-06 16:00:00,243.49966894090807,Residential,7624,400
R4,2025-11-06 16:00:00,334.61520241391815,Residential,4746,440
R1,2025-11-06 17:00:00,122.2476672913104,Residential,6781,300
R2,2025-11-06 17:00:00,238.64223222265989,Commercial,7086,450
R3,2025-11-06 17:00:00,187.79629621968155,Residential,7624,400
R4,2025-11-06 17:00:00,128.3380089357537,Residential,4746,440
R1,2025-11-06 18:00:00,275.42026461284706,Residential,6781,300
R2,2025-11-06 18:00:00,242.61829609124817,Commercial,7086,450
R3,2025-11-06 18:00:00,96.47375307461033,Residential,7624,400
R4,2025-11-06 18:00:00,171.50881256185923,Residential,4746,440
R1,2025-11-06 19:00:00,129.41795184068425,Residential,6781,300
R2,2025-11-06 19:00:00,210.2797771952246,Commercial,7086,450
R3,2025-11-06 19:00:00,349.2019920547842,Residential,7624,400
R4,2025-11-06 19:00:00,296.6005486970883,Residential,4746,440
R1,2025-11-06 20:00:00,109.27777282043695,Residential,6781,300
R2,2025-11-06 20:00:00,349.3133542807767,Commercial,7086,450
R3,2025-11-06 20:00:00,231.8759659316655,Residential,7624,400
R4,2025-11-06 20:00:00,135.83180903397604,Residential,4746,440
R1,2025-11-06 21:00:00,354.4070709860008,Residential,6781,300
R2,2025-11-06 21:00:00,310.6149877862426,Commercial,7086,450
R3,2025-11-06 21:00:00,274.52827216363755,Residential,7624,400
R4,2025-11-06 21:00:00,283.28606133856965,Residential,4746,440
R1,2025-11-06 22:00:00,95.39970409801495,Residential,6781,300
R2,2025-11-06 22:00:00,297.4657940338664,Commercial,7086,450
R3,2025-11-06 22:00:00,268.1802598359375,Residential,7624,400
R4,2025-11-06 22:00:00,390.8736341945181,Residential,4746,440
R1,2025-11-06 23:00:00,345.00904792964565,Residential,6781,300
R2,2025-11-06 23:00:00,192.4360799494649,Commercial,7086,450
R3,2025-11-06 23:00:00,232.86064843616387,Residential,7624,400
R4,2025-11-06 23:00:00,279.8975309896527,Residential,4746,440
R1,2025-11-07 00:00:00,399.4806084516479,Residential,6781,300
R2,2025-11-07 00:00:00,357.85454599468665,Commercial,7086,450
R3,2025-11-07 00:00:00,395.3402450786337,Residential,7624,400
R4,2025-11-07 00:00:00,242.46268624460197,Residential,4746,440
R1,2025-11-07 01:00:00,198.31526865593202,Residential,6781,300
R2,2025-11-07 01:00:00,270.7460682842678,Commercial,7086,450
R3,2025-11-07 01:00:00,89.84937642693048,Residential,7624,400
R4,2025-11-07 01:00:00,156.6096941251114,Residential,4746,440
R1,2025-11-07 02:00:00,113.48148943122749,Residential,6781,300
R2,2025-11-07 02:00:00,284.99907344426043,Commercial,7086,450
R3,2025-11-07 02:00:00,396.507001177043,Residential,7624,400
R4,2025-11-07 02:00:00,365.2407727022333,Residential,4746,440
R1,2025-11-07 03:00:00,265.05814036404104,Residential,6781,300
R2,2025-11-07 03:00:00,324.14195384484856,Commercial,7086,450
R3,2025-11-07 03:00:00,298.7665832749677,Residential,7624,400
R4,2025-11-07 03:00:00,213.87026563349798,Residential,4746,440
R1,2025-11-07 04:00:00,376.6432936779203,Residential,6781,300
R2,2025-11-07 04:00:00,99.3610351716734,Commercial,7086,450
R3,2025-11-07 04:00:00,223.131940307638,Residential,7624,400
R4,2025-11-07 04:00:00,177.2860995617347,Residential,4746,440
R1,2025-11-07 05:00:00,281.35427442486053,Residential,6781,300
R2,2025-11-07 05:00:00,120.56828212616743,Commercial,7086,450
R3,2025-11-07 05:00:00,106.7727640780523,Residential,7624,400
R4,2025-11-07 05:00:00,165.12418972543054,Residential,4746,440
R1,2025-11-07 06:00:00,256.04442256539653,Residential,6781,300
R2,2025-11-07 06:00:00,315.21820232061776,Commercial,7086,450
R3,2025-11-07 06:00:00,299.55008854120854,Residential,7624,400
R4,2025-11-07 06:00:00,289.2317903535202,Residential,4746,440
R1,2025-11-07 07:00:00,365.86151761017584,Residential,6781,300
R2,2025-11-07 07:00:00,112.23253704381949,Commercial,7086,450
R3,2025-11-07 07:00:00,376.85827113306084,Residential,7624,400
R4,2025-11-07 07:00:00,136.79954821591616,Residential,4746,440
R1,2025-11-07 08:00:00,210.9597036548905,Residential,6781,300
R2,2025-11-07 08:00:00,280.60705369436823,Commercial,7086,450
R3,2025-11-07 08:00:00,187.6106506344702,Residential,7624,400
R4,2025-11-07 08:00:00,265.1321749770206,Residential,4746,440
R1,2025-11-07 09:00:00,164.67548862477787,Residential,6781,300
R2,2025-11-07 09:00:00,245.92775427580665,Commercial,7086,450
R3,2025-11-07 09:00:00,278.55665956271815,Residential,7624,400
R4,2025-11-07 09:00:00,233.68417193300786,Residential,4746,440
R1,2025-11-07 10:00:00,262.85826537087974,Residential,6781,300
R2,2025-11-07 10:00:00,243.97625728596756,Commercial,7086,450
R3,2025-11-07 10:00:00,310.89883325413405,Residential,7624,400
R4,2025-11-07 10:00:00,300.0306746395833,Residential,4746,440
R1,2025-11-07 11:00:00,250.02070085696477,Residential,6781,300
R2,2025-11-07 11:00:00,334.37165009885837,Commercial,7086,450
R3,2025-11-07 11:00:00,386.8349304539803,Residential,7624,400
R4,2025-11-07 11:00:00,128.9881316031471,Residential,4746,440
R1,2025-11-07 12:00:00,317.7263999388999,Residential,6781,300
R2,2025-11-07 12:00:00,265.0004158864355,Commercial,7086,450
R3,2025-11-07 12:00:00,274.5331512064132,Residential,7624,400
R4,2025-11-07 12:00:00,222.77391921096012,Residential,4746,440
R1,2025-11-07 13:00:00,147.8630783752757,Residential,6781,300
R2,2025-11-07 13:00:00,218.00537690958822,Commercial,7086,450
R3,2025-11-07 13:00:00,208.68697400784504,Residential,7624,400
R4,2025-11-07 13:00:00,87.75969206087524,Residential,4746,440
R1,2025-11-07 14:00:00,313.900640539307,Residential,6781,300
R2,2025-11-07 14:00:00,235.01976744312822,Commercial,7086,450
R3,2025-11-07 14:00:00,312.19420408754104,Residential,7624,400
R4,2025-11-07 14:00:00,291.4746906270873,Residential,4746,440
R1,2025-11-07 15:00:00,367.7395382145545,Residential,6781,300
R2,2025-11-07 15:00:00,300.6411578102975,Commercial,7086,450
R3,2025-11-07 15:00:00,110.28760632638743,Residential,7624,400
R4,2025-11-07 15:00:00,396.63628834671687,Residential,4746,440
R1,2025-11-07 16:00:00,107.52987209312096,Residential,6781,300
R2,2025-11-07 16:00:00,176.60570675682726,Commercial,7086,450
R3,2025-11-07 16:00:00,327.4184437099524,Residential,7624,400
R4,2025-11-07 16:00:00,380.89694872701165,Residential,4746,440
R1,2025-11-07 17:00:00,271.89690604780276,Residential,6781,300
R2,2025-11-07 17:00:00,374.83468919634686,Commercial,7086,450
R3,2025-11-07 17:00:00,323.77495054952556,Residential,7624,400
R4,2025-11-07 17:00:00,376.66881386710645,Residential,4746,440
R1,2025-11-07 18:00:00,95.54869923319004,Residential,6781,300
R2,2025-11-07 18:00:00,265.4478936724172,Commercial,7086,450
R3,2025-11-07 18:00:00,389.43020992546025,Residential,7624,400
R4,2025-11-07 18:00:00,351.4145552364209,Residential,4746,440
R1,2025-11-07 19:00:00,147.6979579175794,Residential,6781,300
R2,2025-11-07 19:00:00,287.0219561429082,Commercial,7086,450
R3,2025-11-07 19:00:00,109.84529348842597,Residential,7624,400
R4,2025-11-07 19:00:00,171.52791964347884,Residential,4746,440
R1,2025-11-07 20:00:00,313.88252791511906,Residential,6781,300
R2,2025-11-07 20:00:00,157.1184989167116,Commercial,7086,450
R3,2025-11-07 20:00:00,379.205940555565,Residential,7624,400
R4,2025-11-07 20:00:00,100.0861862654223,Residential,4746,440
R1,2025-11-07 21:00:00,386.09025082472107,Residential,6781,300
R2,2025-11-07 21:00:00,184.95114688874344,Commercial,7086,450
R3,2025-11-07 21:00:00,286.08066844549325,Residential,7624,400
R4,2025-11-07 21:00:00,145.3614632849184,Residential,4746,440
R1,2025-11-07 22:00:00,226.22230274799765,Residential,6781,300
R2,2025-11-07 22:00:00,208.58975793515853,Commercial,7086,450
R3,2025-11-07 22:00:00,372.82991512292904,Residential,7624,400
R4,2025-11-07 22:00:00,324.3429972491299,Residential,4746,440
R1,2025-11-07 23:00:00,393.7144724681695,Residential,6781,300
R2,2025-11-07 23:00:00,172.1672843539455,Commercial,7086,450
R3,2025-11-07 23:00:00,171.33640613787603,Residential,7624,400
R4,2025-11-07 23:00:00,98.23651324557616,Residential,4746,440
R1,2025-11-08 00:00:00,129.05187215946506,Residential,6781,300
R2,2025-11-08 00:00:00,319.17265268643274,Commercial,7086,450
R3,2025-11-08 00:00:00,102.82489987274471,Residential,7624,400
R4,2025-11-08 00:00:00,177.78447236784234,Residential,4746,440
R1,2025-11-08 01:00:00,339.6253497421059,Residential,6781,300
R2,2025-11-08 01:00:00,268.47800573109123,Commercial,7086,450
R3,2025-11-08 01:00:00,398.0286168645872,Residential,7624,400
R4,2025-11-08 01:00:00,295.8505668074111,Residential,4746,440
R1,2025-11-08 02:00:00,203.64965811490703,Residential,6781,300
R2,2025-11-08 02:00:00,290.8568369986058,Commercial,7086,450
R3,2025-11-08 02:00:00,298.10064302644605,Residential,7624,400
R4,2025-11-08 02:00:00,323.69563609074964,Residential,4746,440
R1,2025-11-08 03:00:00,305.3662047276981,Residential,6781,300
R2,2025-11-08 03:00:00,91.70848937759772,Commercial,7086,450
R3,2025-11-08 03:00:00,242.93143392129048,Residential,7624,400
R4,2025-11-08 03:00:00,85.48987326614117,Residential,4746,440
R1,2025-11-08 04:00:00,89.37623260213672,Residential,6781,300
R2,2025-11-08 04:00:00,273.1914912435652,Commercial,7086,450
R3,2025-11-08 04:00:00,117.35619427968683,Residential,7624,400
R4,2025-11-08 04:00:00,381.7945842937214,Residential,4746,440
R1,2025-11-08 05:00:00,374.5186656819288,Residential,6781,300
R2,2025-11-08 05:00:00,396.0740839199843,Commercial,7086,450
R3,2025-11-08 05:00:00,271.3369366727875,Residential,7624,400
R4,2025-11-08 05:00:00,88.75866255090223,Residential,4746,440
R1,2025-11-08 06:00:00,342.79544837043125,Residential,6781,300
R2,2025-11-08 06:00:00,262.7362222633293,Commercial,7086,450
R3,2025-11-08 06:00:00,98.96860797588172,Residential,7624,400
R4,2025-11-08 06:00:00,253.67402034074846,Residential,4746,440
R1,2025-11-08 07:00:00,394.0510456211663,Residential,6781,300
R2,2025-11-08 07:00:00,348.97614508231175,Commercial,7086,450
R3,2025-11-08 07:00:00,245.36829458717708,Residential,7624,400
R4,2025-11-08 07:00:00,149.55429617354807,Residential,4746,440
R1,2025-11-08 08:00:00,86.80139934749853,Residential,6781,300
R2,2025-11-08 08:00:00,246.08011136707296,Commercial,7086,450
R3,2025-11-08 08:00:00,358.841014192814,Residential,7624,400
R4,2025-11-08 08:00:00,251.3490211850102,Residential,4746,440
R1,2025-11-08 09:00:00,325.6645596075309,Residential,6781,300
R2,2025-11-08 09:00:00,175.38768773752113,Commercial,7086,450
R3,2025-11-08 09:00:00,118.3768882610007,Residential,7624,400
R4,2025-11-08 09:00:00,313.8890584181195,Residential,4746,440
R1,2025-11-08 10:00:00,333.69663255666956,Residential,6781,300
R2,2025-11-08 10:00:00,355.04399193977724,Commercial,7086,450
R3,2025-11-08 10:00:00,255.62967654309276,Residential,7624,400
R4,2025-11-08 10:00:00,256.9105522185299,Residential,4746,440
R1,2025-11-08 11:00:00,341.9713598862251,Residential,6781,300
R2,2025-11-08 11:00:00,204.45040425961122,Commercial,7086,450
R3,2025-11-08 11:00:00,242.49590458555733,Residential,7624,400
R4,2025-11-08 11:00:00,237.32187976965164,Residential,4746,440
R1,2025-11-08 12:00:00,167.90691850558886,Residential,6781,300
R2,2025-11-08 12:00:00,82.20952082671505,Commercial,7086,450
R3,2025-11-08 12:00:00,237.17145052056094,Residential,7624,400
R4,2025-11-08 12:00:00,361.397830281071,Residential,4746,440
R1,2025-11-08 13:00:00,274.89166000562665,Residential,6781,300
R2,2025-11-08 13:00:00,368.8493368078316,Commercial,7086,450
R3,2025-11-08 13:00:00,187.68036462100287,Residential,7624,400
R4,2025-11-08 13:00:00,278.9560771259312,Residential,4746,440
R1,2025-11-08 14:00:00,343.876827500895,Residential,6781,300
R2,2025-11-08 14:00:00,237.30754322943878,Commercial,7086,450
R3,2025-11-08 14:00:00,280.44246400032875,Residential,7624,400
R4,2025-11-08 14:00:00,388.26564535105035,Residential,4746,440
R1,2025-11-08 15:00:00,98.49754622218501,Residential,6781,300
R2,2025-11-08 15:00:00,370.83082026071696,Commercial,7086,450
R3,2025-11-08 15:00:00,171.62868177364672,Residential,7624,400
R4,2025-11-08 15:00:00,274.44036503563774,Residential,4746,440
R1,2025-11-08 16:00:00,349.4147589344618,Residential,6781,300
R2,2025-11-08 16:00:00,367.10623951850687,Commercial,7086,450
R3,2025-11-08 16:00:00,379.04757537017053,Residential,7624,400
R4,2025-11-08 16:00:00,217.50850346703672,Residential,4746,440
R1,2025-11-08 17:00:00,214.2322397965718,Residential,6781,300
R2,2025-11-08 17:00:00,160.39573752815585,Commercial,7086,450
R3,2025-11-08 17:00:00,390.8837176327115,Residential,7624,400
R4,2025-11-08 17:00:00,259.91290901499815,Residential,4746,440
R1,2025-11-08 18:00:00,391.9125364563333,Residential,6781,300
R2,2025-11-08 18:00:00,223.13996839522895,Commercial,7086,450
R3,2025-11-08 18:00:00,116.70396232781634,Residential,7624,400
R4,2025-11-08 18:00:00,158.42228955469983,Residential,4746,440
R1,2025-11-08 19:00:00,144.30352965470325,Residential,6781,300
R2,2025-11-08 19:00:00,286.0430408001704,Commercial,7086,450
R3,2025-11-08 19:00:00,394.7571881769485,Residential,7624,400
R4,2025-11-08 19:00:00,345.1334691511636,Residential,4746,440
R1,2025-11-08 20:00:00,271.93295896353595,Residential,6781,300
R2,2025-11-08 20:00:00,286.3443420762874,Commercial,7086,450
R3,2025-11-08 20:00:00,395.94515824378215,Residential,7624,400
R4,2025-11-08 20:00:00,89.7268094230343,Residential,4746,440
R1,2025-11-08 21:00:00,314.0295405827021,Residential,6781,300
R2,2025-11-08 21:00:00,241.42986607910402,Commercial,7086,450
R3,2025-11-08 21:00:00,94.14891780451732,Residential,7624,400
R4,2025-11-08 21:00:00,354.6424487462217,Residential,4746,440
R1,2025-11-08 22:00:00,351.44721485248385,Residential,6781,300
R2,2025-11-08 22:00:00,210.51130645836733,Commercial,7086,450
R3,2025-11-08 22:00:00,124.74035762459383,Residential,7624,400
R4,2025-11-08 22:00:00,215.37415382377006,Residential,4746,440
R1,2025-11-08 23:00:00,91.30711156031275,Residential,6781,300
R2,2025-11-08 23:00:00,294.2183858490154,Commercial,7086,450
R3,2025-11-08 23:00:00,206.25395225150737,Residential,7624,400
R4,2025-11-08 23:00:00,256.63311589507896,Residential,4746,440
R1,2025-11-09 00:00:00,129.00936582359242,Residential,6781,300
R2,2025-11-09 00:00:00,168.98130850707642,Commercial,7086,450
R3,2025-11-09 00:00:00,187.0433752710711,Residential,7624,400
R4,2025-11-09 00:00:00,221.0803399606561,Residential,4746,440
R1,2025-11-09 01:00:00,233.99370505057007,Residential,6781,300
R2,2025-11-09 01:00:00,315.7844315646093,Commercial,7086,450
R3,2025-11-09 01:00:00,105.99829451756882,Residential,7624,400
R4,2025-11-09 01:00:00,106.01808345257943,Residential,4746,440
R1,2025-11-09 02:00:00,309.4269644175921,Residential,6781,300
R2,2025-11-09 02:00:00,185.02811176563148,Commercial,7086,450
R3,2025-11-09 02:00:00,220.3897200541792,Residential,7624,400
R4,2025-11-09 02:00:00,287.32875005677835,Residential,4746,440
R1,2025-11-09 03:00:00,204.60257947747044,Residential,6781,300
R2,2025-11-09 03:00:00,263.553029622553,Commercial,7086,450
R3,2025-11-09 03:00:00,265.0786131009854,Residential,7624,400
R4,2025-11-09 03:00:00,182.3711601799445,Residential,4746,440
R1,2025-11-09 04:00:00,164.23917578115976,Residential,6781,300
R2,2025-11-09 04:00:00,271.7077060003076,Commercial,7086,450
R3,2025-11-09 04:00:00,311.51945524800135,Residential,7624,400
R4,2025-11-09 04:00:00,137.81678649484135,Residential,4746,440
R1,2025-11-09 05:00:00,136.7380393653554,Residential,6781,300
R2,2025-11-09 05:00:00,112.43093691148438,Commercial,7086,450
R3,2025-11-09 05:00:00,399.4074012050479,Residential,7624,400
R4,2025-11-09 05:00:00,246.73517266972797,Residential,4746,440
R1,2025-11-09 06:00:00,262.32878423583236,Residential,6781,300
R2,2025-11-09 06:00:00,256.18002885568177,Commercial,7086,450
R3,2025-11-09 06:00:00,138.80709637619634,Residential,7624,400
R4,2025-11-09 06:00:00,314.4417809312041,Residential,4746,440
R1,2025-11-09 07:00:00,278.52165165957445,Residential,6781,300
R2,2025-11-09 07:00:00,97.30590211849105,Commercial,7086,450
R3,2025-11-09 07:00:00,273.6150383682743,Residential,7624,400
R4,2025-11-09 07:00:00,375.44603735576356,Residential,4746,440
R1,2025-11-09 08:00:00,300.3939712521094,Residential,6781,300
R2,2025-11-09 08:00:00,274.49003885398855,Commercial,7086,450
R3,2025-11-09 08:00:00,105.32633671895873,Residential,7624,400
R4,2025-11-09 08:00:00,97.44292054229987,Residential,4746,440
R1,2025-11-09 09:00:00,116.53131647337354,Residential,6781,300
R2,2025-11-09 09:00:00,138.58020810231136,Commercial,7086,450
R3,2025-11-09 09:00:00,271.53786038921976,Residential,7624,400
R4,2025-11-09 09:00:00,246.43925288009072,Residential,4746,440
R1,2025-11-09 10:00:00,247.06589656783618,Residential,6781,300
R2,2025-11-09 10:00:00,88.74603983400462,Commercial,7086,450
R3,2025-11-09 10:00:00,118.55844910279174,Residential,7624,400
R4,2025-11-09 10:00:00,106.36471341767515,Residential,4746,440
R1,2025-11-09 11:00:00,388.5071270156621,Residential,6781,300
R2,2025-11-09 11:00:00,305.3948983973069,Commercial,7086,450
R3,2025-11-09 11:00:00,393.870200369762,Residential,7624,400
R4,2025-11-09 11:00:00,335.7904433654669,Residential,4746,440
R1,2025-11-09 12:00:00,389.0682226414067,Residential,6781,300
R2,2025-11-09 12:00:00,170.5287361212213,Commercial,7086,450
R3,2025-11-09 12:00:00,299.40876198992083,Residential,7624,400
R4,2025-11-09 12:00:00,211.5405429047129,Residential,4746,440
R1,2025-11-09 13:00:00,361.52505464000046,Residential,6781,300
R2,2025-11-09 13:00:00,301.4200250757964,Commercial,7086,450
R3,2025-11-09 13:00:00,180.00173941075957,Residential,7624,400
R4,2025-11-09 13:00:00,132.0359608816069,Residential,4746,440
R1,2025-11-09 14:00:00,217.8505825402633,Residential,6781,300
R2,2025-11-09 14:00:00,249.86161742745904,Commercial,7086,450
R3,2025-11-09 14:00:00,317.93402153505247,Residential,7624,400
R4,2025-11-09 14:00:00,327.9887997039416,Residential,4746,440
R1,2025-11-09 15:00:00,178.75749380181858,Residential,6781,300
R2,2025-11-09 15:00:00,307.00964972553754,Commercial,7086,450
R3,2025-11-09 15:00:00,170.44562943095414,Residential,7624,400
R4,2025-11-09 15:00:00,288.89282961920355,Residential,4746,440
R1,2025-11-09 16:00:00,268.017861241837,Residential,6781,300
R2,2025-11-09 16:00:00,120.77665155631774,Commercial,7086,450
R3,2025-11-09 16:00:00,157.19572219361507,Residential,7624,400
R4,2025-11-09 16:00:00,313.63726083683537,Residential,4746,440
R1,2025-11-09 17:00:00,167.8310358966037,Residential,6781,300
R2,2025-11-09 17:00:00,186.37704617963317,Commercial,7086,450
R3,2025-11-09 17:00:00,80.13080221288672,Residential,7624,400
R4,2025-11-09 17:00:00,333.48613334220113,Residential,4746,440
R1,2025-11-09 18:00:00,285.43029390207806,Residential,6781,300
R2,2025-11-09 18:00:00,360.1794541821017,Commercial,7086,450
R3,2025-11-09 18:00:00,328.4951399295637,Residential,7624,400
R4,2025-11-09 18:00:00,137.19400256451823,Residential,4746,440
R1,2025-11-09 19:00:00,322.91779564585187,Residential,6781,300
R2,2025-11-09 19:00:00,264.367554865329,Commercial,7086,450
R3,2025-11-09 19:00:00,251.7220291898475,Residential,7624,400
R4,2025-11-09 19:00:00,382.4320204306694,Residential,4746,440
R1,2025-11-09 20:00:00,192.50335932338197,Residential,6781,300
R2,2025-11-09 20:00:00,327.07175367380637,Commercial,7086,450
R3,2025-11-09 20:00:00,284.5665104851776,Residential,7624,400
R4,2025-11-09 20:00:00,380.22395445394983,Residential,4746,440
R1,2025-11-09 21:00:00,99.15906098736585,Residential,6781,300
R2,2025-11-09 21:00:00,346.6279648274515,Commercial,7086,450
R3,2025-11-09 21:00:00,207.75002655410697,Residential,7624,400
R4,2025-11-09 21:00:00,204.15889742574407,Residential,4746,440
R1,2025-11-09 22:00:00,239.98596573582705,Residential,6781,300
R2,2025-11-09 22:00:00,157.38861998232903,Commercial,7086,450
R3,2025-11-09 22:00:00,288.5509545249876,Residential,7624,400
R4,2025-11-09 22:00:00,311.65644059794283,Residential,4746,440
R1,2025-11-09 23:00:00,128.0102759963935,Residential,6781,300
R2,2025-11-09 23:00:00,229.88262988832193,Commercial,7086,450
R3,2025-11-09 23:00:00,94.97512516948653,Residential,7624,400
R4,2025-11-09 23:00:00,274.9882317690458,Residential,4746,440
R1,2025-11-10 00:00:00,246.50712186378115,Residential,6781,300
R2,2025-11-10 00:00:00,130.7005679619449,Commercial,7086,450
R3,2025-11-10 00:00:00,305.9920283128826,Residential,7624,400
R4,2025-11-10 00:00:00,308.141300734105,Residential,4746,440
R1,2025-11-10 01:00:00,92.25371938001015,Residential,6781,300
R2,2025-11-10 01:00:00,129.03993334167717,Commercial,7086,450
R3,2025-11-10 01:00:00,309.20908889517284,Residential,7624,400
R4,2025-11-10 01:00:00,254.59952510514887,Residential,4746,440
R1,2025-11-10 02:00:00,226.74770356224036,Residential,6781,300
R2,2025-11-10 02:00:00,333.530220879013,Commercial,7086,450
R3,2025-11-10 02:00:00,391.8789682100096,Residential,7624,400
R4,2025-11-10 02:00:00,312.2769002760744,Residential,4746,440
R1,2025-11-10 03:00:00,102.1070875343937,Residential,6781,300
R2,2025-11-10 03:00:00,210.8751661970632,Commercial,7086,450
R3,2025-11-10 03:00:00,321.78341224630776,Residential,7624,400
R4,2025-11-10 03:00:00,115.56447560744385,Residential,4746,440
R1,2025-11-10 04:00:00,226.95683631112541,Residential,6781,300
R2,2025-11-10 04:00:00,131.6599348538739,Commercial,7086,450
R3,2025-11-10 04:00:00,350.7542297724877,Residential,7624,400
R4,2025-11-10 04:00:00,214.58054317663192,Residential,4746,440
R1,2025-11-10 05:00:00,290.27870963291684,Residential,6781,300
R2,2025-11-10 05:00:00,177.46884491603865,Commercial,7086,450
R3,2025-11-10 05:00:00,265.5063518631432,Residential,7624,400
R4,2025-11-10 05:00:00,133.6621857852461,Residential,4746,440
R1,2025-11-10 06:00:00,313.48872511413424,Residential,6781,300
R2,2025-11-10 06:00:00,146.60201630758047,Commercial,7086,450
R3,2025-11-10 06:00:00,377.4769117800064,Residential,7624,400
R4,2025-11-10 06:00:00,209.3590968235883,Residential,4746,440
R1,2025-11-10 07:00:00,386.0309872425636,Residential,6781,300
R2,2025-11-10 07:00:00,183.8362614019452,Commercial,7086,450
R3,2025-11-10 07:00:00,148.67403198317663,Residential,7624,400
R4,2025-11-10 07:00:00,353.100473066092,Residential,4746,440
R1,2025-11-10 08:00:00,140.0417911714976,Residential,6781,300
R2,2025-11-10 08:00:00,308.3452782712982,Commercial,7086,450
R3,2025-11-10 08:00:00,114.6888321015312,Residential,7624,400
R4,2025-11-10 08:00:00,88.93320685094895,Residential,4746,440
R1,2025-11-10 09:00:00,191.45482856235688,Residential,6781,300
R2,2025-11-10 09:00:00,181.7027556943742,Commercial,7086,450
R3,2025-11-10 09:00:00,221.94476204367632,Residential,7624,400
R4,2025-11-10 09:00:00,287.0576960079768,Residential,4746,440
R1,2025-11-10 10:00:00,366.56009770242713,Residential,6781,300
R2,2025-11-10 10:00:00,310.60035622020075,Commercial,7086,450
R3,2025-11-10 10:00:00,102.24462343846817,Residential,7624,400
R4,2025-11-10 10:00:00,334.15257206143724,Residential,4746,440
R1,2025-11-10 11:00:00,248.56158456937507,Residential,6781,300
R2,2025-11-10 11:00:00,210.94300668705895,Commercial,7086,450
R3,2025-11-10 11:00:00,195.1801734194912,Residential,7624,400
R4,2025-11-10 11:00:00,114.58863611348747,Residential,4746,440
R1,2025-11-10 12:00:00,333.7648685298105,Residential,6781,300
R2,2025-11-10 12:00:00,220.7648296093853,Commercial,7086,450
R3,2025-11-10 12:00:00,229.7753019780385,Residential,7624,400
R4,2025-11-10 12:00:00,133.24622548066378,Residential,4746,440
R1,2025-11-10 13:00:00,320.63298569161344,Residential,6781,300
R2,2025-11-10 13:00:00,273.359246326637,Commercial,7086,450
R3,2025-11-10 13:00:00,284.71027433752005,Residential,7624,400
R4,2025-11-10 13:00:00,258.4810352384468,Residential,4746,440
R1,2025-11-10 14:00:00,81.6235977551514,Residential,6781,300
R2,2025-11-10 14:00:00,121.0686422043594,Commercial,7086,450
R3,2025-11-10 14:00:00,184.04054853939527,Residential,7624,400
R4,2025-11-10 14:00:00,384.5484163110027,Residential,4746,440
R1,2025-11-10 15:00:00,102.32709728899636,Residential,6781,300
R2,2025-11-10 15:00:00,291.0535505251244,Commercial,7086,450
R3,2025-11-10 15:00:00,277.25262132966964,Residential,7624,400
R4,2025-11-10 15:00:00,297.1058964757785,Residential,4746,440
R1,2025-11-10 16:00:00,143.82691975945053,Residential,6781,300
R2,2025-11-10 16:00:00,136.21047326046374,Commercial,7086,450
R3,2025-11-10 16:00:00,213.8944311043568,Residential,7624,400
R4,2025-11-10 16:00:00,257.9218118671772,Residential,4746,440
R1,2025-11-10 17:00:00,300.0764359921294,Residential,6781,300
R2,2025-11-10 17:00:00,311.1234304046815,Commercial,7086,450
R3,2025-11-10 17:00:00,277.5275395379229,Residential,7624,400
R4,2025-11-10 17:00:00,131.60838578873697,Residential,4746,440
R1,2025-11-10 18:00:00,123.40074883573496,Residential,6781,300
R2,2025-11-10 18:00:00,226.55022827481272,Commercial,7086,450
R3,2025-11-10 18:00:00,200.3970122600319,Residential,7624,400
R4,2025-11-10 18:00:00,210.21584115410263,Residential,4746,440
R1,2025-11-10 19:00:00,99.3181648650199,Residential,6781,300
R2,2025-11-10 19:00:00,309.4989297724593,Commercial,7086,450
R3,2025-11-10 19:00:00,94.8164966072697,Residential,7624,400
R4,2025-11-10 19:00:00,398.76077311006867,Residential,4746,440
R1,2025-11-10 20:00:00,114.82708144303845,Residential,6781,300
R2,2025-11-10 20:00:00,303.3030018119122,Commercial,7086,450
R3,2025-11-10 20:00:00,140.07638874528996,Residential,7624,400
R4,2025-11-10 20:00:00,362.4698505513303,Residential,4746,440
R1,2025-11-10 21:00:00,93.05443132707751,Residential,6781,300
R2,2025-11-10 21:00:00,282.3509247113426,Commercial,7086,450
R3,2025-11-10 21:00:00,283.1204505173735,Residential,7624,400
R4,2025-11-10 21:00:00,110.55626506814207,Residential,4746,440
R1,2025-11-10 22:00:00,81.07229038253195,Residential,6781,300
R2,2025-11-10 22:00:00,240.371256810496,Commercial,7086,450
R3,2025-11-10 22:00:00,369.87723015625653,Residential,7624,400
R4,2025-11-10 22:00:00,341.0059779896933,Residential,4746,440
R1,2025-11-10 23:00:00,309.50266430086276,Residential,6781,300
R2,2025-11-10 23:00:00,146.98450335705232,Commercial,7086,450
R3,2025-11-10 23:00:00,326.2171358173304,Residential,7624,400
R4,2025-11-10 23:00:00,396.7193475610643,Residential,4746,440
R1,2025-11-11 00:00:00,300.60906918320563,Residential,6781,300
R2,2025-11-11 00:00:00,283.2130847206157,Commercial,7086,450
R3,2025-11-11 00:00:00,168.81530655641922,Residential,7624,400
R4,2025-11-11 00:00:00,165.55095825438042,Residential,4746,440
R1,2025-11-11 01:00:00,335.41071019145363,Residential,6781,300
R2,2025-11-11 01:00:00,312.91519975884825,Commercial,7086,450
R3,2025-11-11 01:00:00,204.80275692508826,Residential,7624,400
R4,2025-11-11 01:00:00,383.9710565077004,Residential,4746,440
R1,2025-11-11 02:00:00,172.4234973123359,Residential,6781,300
R2,2025-11-11 02:00:00,314.78876059580665,Commercial,7086,450
R3,2025-11-11 02:00:00,364.1200910104812,Residential,7624,400
R4,2025-11-11 02:00:00,113.2244005666167,Residential,4746,440
R1,2025-11-11 03:00:00,338.0093784964549,Residential,6781,300
R2,2025-11-11 03:00:00,241.3171979959493,Commercial,7086,450
R3,2025-11-11 03:00:00,290.88875295154526,Residential,7624,400
R4,2025-11-11 03:00:00,321.5888984943466,Residential,4746,440
R1,2025-11-11 04:00:00,389.3807301997965,Residential,6781,300
R2,2025-11-11 04:00:00,217.5402989850863,Commercial,7086,450
R3,2025-11-11 04:00:00,295.12970789204763,Residential,7624,400
R4,2025-11-11 04:00:00,278.3453496743777,Residential,4746,440
R1,2025-11-11 05:00:00,255.0240124268939,Residential,6781,300
R2,2025-11-11 05:00:00,294.22582848130327,Commercial,7086,450
R3,2025-11-11 05:00:00,249.59461472714952,Residential,7624,400
R4,2025-11-11 05:00:00,363.4237221944334,Residential,4746,440
R1,2025-11-11 06:00:00,298.01998058641107,Residential,6781,300
R2,2025-11-11 06:00:00,286.3756543868414,Commercial,7086,450
R3,2025-11-11 06:00:00,318.4272237875691,Residential,7624,400
R4,2025-11-11 06:00:00,83.36515234141942,Residential,4746,440
R1,2025-11-11 07:00:00,357.9844999535867,Residential,6781,300
R2,2025-11-11 07:00:00,174.10868581617765,Commercial,7086,450
R3,2025-11-11 07:00:00,275.38024634997794,Residential,7624,400
R4,2025-11-11 07:00:00,146.12122288323786,Residential,4746,440
R1,2025-11-11 08:00:00,191.98330100942175,Residential,6781,300
R2,2025-11-11 08:00:00,283.4796188671625,Commercial,7086,450
R3,2025-11-11 08:00:00,370.3685977017859,Residential,7624,400
R4,2025-11-11 08:00:00,176.647750935452,Residential,4746,440
R1,2025-11-11 09:00:00,208.10430865901634,Residential,6781,300
R2,2025-11-11 09:00:00,254.32202577646476,Commercial,7086,450
R3,2025-11-11 09:00:00,102.40182878957462,Residential,7624,400
R4,2025-11-11 09:00:00,236.57920137502887,Residential,4746,440
R1,2025-11-11 10:00:00,135.85952049547114,Residential,6781,300
R2,2025-11-11 10:00:00,94.69995385605017,Commercial,7086,450
R3,2025-11-11 10:00:00,316.3100633253848,Residential,7624,400
R4,2025-11-11 10:00:00,272.09158379868086,Residential,4746,440
R1,2025-11-11 11:00:00,103.75712660460633,Residential,6781,300
R2,2025-11-11 11:00:00,216.37344077570413,Commercial,7086,450
R3,2025-11-11 11:00:00,265.3253156134413,Residential,7624,400
R4,2025-11-11 11:00:00,152.78263800202416,Residential,4746,440
R1,2025-11-11 12:00:00,282.44750724858795,Residential,6781,300
R2,2025-11-11 12:00:00,316.05708194896687,Commercial,7086,450
R3,2025-11-11 12:00:00,337.1269651266238,Residential,7624,400
R4,2025-11-11 12:00:00,83.00959187596028,Residential,4746,440
R1,2025-11-11 13:00:00,160.2239635672998,Residential,6781,300
R2,2025-11-11 13:00:00,399.43346115166185,Commercial,7086,450
R3,2025-11-11 13:00:00,99.08978295542863,Residential,7624,400
R4,2025-11-11 13:00:00,138.75910534304435,Residential,4746,440
R1,2025-11-11 14:00:00,304.92433776338453,Residential,6781,300
R2,2025-11-11 14:00:00,294.582311037223,Commercial,7086,450
R3,2025-11-11 14:00:00,150.525310366002,Residential,7624,400
R4,2025-11-11 14:00:00,231.42034914216936,Residential,4746,440
R1,2025-11-11 15:00:00,239.02816600837667,Residential,6781,300
R2,2025-11-11 15:00:00,349.6861464045335,Commercial,7086,450
R3,2025-11-11 15:00:00,228.07360567247642,Residential,7624,400
R4,2025-11-11 15:00:00,93.9677618740264,Residential,4746,440
R1,2025-11-11 16:00:00,81.94631971571124,Residential,6781,300
R2,2025-11-11 16:00:00,234.97332961256905,Commercial,7086,450
R3,2025-11-11 16:00:00,389.1066938348749,Residential,7624,400
R4,2025-11-11 16:00:00,303.2080860960627,Residential,4746,440
R1,2025-11-11 17:00:00,331.5960306692708,Residential,6781,300
R2,2025-11-11 17:00:00,358.0616950033213,Commercial,7086,450
R3,2025-11-11 17:00:00,262.50450717183446,Residential,7624,400
R4,2025-11-11 17:00:00,363.7611942392414,Residential,4746,440
R1,2025-11-11 18:00:00,124.98158984764129,Residential,6781,300
R2,2025-11-11 18:00:00,171.56108029934447,Commercial,7086,450
R3,2025-11-11 18:00:00,126.40608648017218,Residential,7624,400
R4,2025-11-11 18:00:00,93.6722974754282,Residential,4746,440
R1,2025-11-11 19:00:00,212.38897172338497,Residential,6781,300
R2,2025-11-11 19:00:00,214.25093865100166,Commercial,7086,450
R3,2025-11-11 19:00:00,375.98746638866106,Residential,7624,400
R4,2025-11-11 19:00:00,377.100298593686,Residential,4746,440
R1,2025-11-11 20:00:00,228.4809526056097,Residential,6781,300
R2,2025-11-11 20:00:00,348.76513960752715,Commercial,7086,450
R3,2025-11-11 20:00:00,389.44423255519536,Residential,7624,400
R4,2025-11-11 20:00:00,281.7798075594699,Residential,4746,440
R1,2025-11-11 21:00:00,265.0727584536994,Residential,6781,300
R2,2025-11-11 21:00:00,188.4175033137137,Commercial,7086,450
R3,2025-11-11 21:00:00,235.50858945214833,Residential,7624,400
R4,2025-11-11 21:00:00,305.80777494738015,Residential,4746,440
R1,2025-11-11 22:00:00,252.52291227166123,Residential,6781,300
R2,2025-11-11 22:00:00,378.9775545153389,Commercial,7086,450
R3,2025-11-11 22:00:00,309.25939503433534,Residential,7624,400
R4,2025-11-11 22:00:00,227.44858771535485,Residential,4746,440
R1,2025-11-11 23:00:00,320.18382524607387,Residential,6781,300
R2,2025-11-11 23:00:00,286.4006612857014,Commercial,7086,450
R3,2025-11-11 23:00:00,273.9713064201489,Residential,7624,400
R4,2025-11-11 23:00:00,96.79192012750104,Residential,4746,440
R1,2025-11-12 00:00:00,225.64088714165666,Residential,6781,300
R2,2025-11-12 00:00:00,191.4576235382401,Commercial,7086,450
R3,2025-11-12 00:00:00,251.04967154896215,Residential,7624,400
R4,2025-11-12 00:00:00,236.78820177862332,Residential,4746,440
R1,2025-11-12 01:00:00,198.66783057230944,Residential,6781,300
R2,2025-11-12 01:00:00,286.3042541247642,Commercial,7086,450
R3,2025-11-12 01:00:00,210.951492728896,Residential,7624,400
R4,2025-11-12 01:00:00,269.8950676105232,Residential,4746,440
R1,2025-11-12 02:00:00,396.91183207058964,Residential,6781,300
R2,2025-11-12 02:00:00,196.19543065293217,Commercial,7086,450
R3,2025-11-12 02:00:00,286.2402551611841,Residential,7624,400
R4,2025-11-12 02:00:00,90.75680769008152,Residential,4746,440
R1,2025-11-12 03:00:00,131.195779465207,Residential,6781,300
R2,2025-11-12 03:00:00,224.31392685044625,Commercial,7086,450
R3,2025-11-12 03:00:00,84.61125885252748,Residential,7624,400
R4,2025-11-12 03:00:00,256.8924421171031,Residential,4746,440
R1,2025-11-12 04:00:00,302.5157480054694,Residential,6781,300
R2,2025-11-12 04:00:00,354.00763530337673,Commercial,7086,450
R3,2025-11-12 04:00:00,396.9861194244329,Residential,7624,400
R4,2025-11-12 04:00:00,267.6663928283754,Residential,4746,440
R1,2025-11-12 05:00:00,302.5066773564986,Residential,6781,300
R2,2025-11-12 05:00:00,183.6235109146742,Commercial,7086,450
R3,2025-11-12 05:00:00,224.7084888280186,Residential,7624,400
R4,2025-11-12 05:00:00,150.73742998911138,Residential,4746,440
R1,2025-11-12 06:00:00,81.69970177178598,Residential,6781,300
R2,2025-11-12 06:00:00,241.67081084147895,Commercial,7086,450
R3,2025-11-12 06:00:00,310.439263270245,Residential,7624,400
R4,2025-11-12 06:00:00,191.64496416966108,Residential,4746,440
R1,2025-11-12 07:00:00,290.46147888833735,Residential,6781,300
R2,2025-11-12 07:00:00,227.59605106481854,Commercial,7086,450
R3,2025-11-12 07:00:00,107.12834867146185,Residential,7624,400
R4,2025-11-12 07:00:00,165.44288508982925,Residential,4746,440
R1,2025-11-12 08:00:00,274.8046836055171,Residential,6781,300
R2,2025-11-12 08:00:00,97.88874540194843,Commercial,7086,450
R3,2025-11-12 08:00:00,101.76690135045828,Residential,7624,400
R4,2025-11-12 08:00:00,278.1476081594697,Residential,4746,440
R1,2025-11-12 09:00:00,241.38025270097228,Residential,6781,300
R2,2025-11-12 09:00:00,331.5221621864091,Commercial,7086,450
R3,2025-11-12 09:00:00,154.14103034149554,Residential,7624,400
R4,2025-11-12 09:00:00,253.51326817726022,Residential,4746,440
R1,2025-11-12 10:00:00,263.8467683347343,Residential,6781,300
R2,2025-11-12 10:00:00,113.94037577059447,Commercial,7086,450
R3,2025-11-12 10:00:00,185.8317199188805,Residential,7624,400
R4,2025-11-12 10:00:00,361.95962284437593,Residential,4746,440
R1,2025-11-12 11:00:00,144.13423986638526,Residential,6781,300
R2,2025-11-12 11:00:00,288.00669493263683,Commercial,7086,450
R3,2025-11-12 11:00:00,276.7015944785142,Residential,7624,400
R4,2025-11-12 11:00:00,84.6038608422112,Residential,4746,440
R1,2025-11-12 12:00:00,362.30225939742604,Residential,6781,300
R2,2025-11-12 12:00:00,259.8562011985325,Commercial,7086,450
R3,2025-11-12 12:00:00,349.77445964756856,Residential,7624,400
R4,2025-11-12 12:00:00,289.12377412826834,Residential,4746,440
R1,2025-11-12 13:00:00,318.4219585948638,Residential,6781,300
R2,2025-11-12 13:00:00,93.68713485524303,Commercial,7086,450
R3,2025-11-12 13:00:00,186.27196362098633,Residential,7624,400
R4,2025-11-12 13:00:00,294.76173293995294,Residential,4746,440
R1,2025-11-12 14:00:00,117.17658152673292,Residential,6781,300
R2,2025-11-12 14:00:00,358.9134247693706,Commercial,7086,450
R3,2025-11-12 14:00:00,136.49690437993985,Residential,7624,400
R4,2025-11-12 14:00:00,223.59562633263127,Residential,4746,440
R1,2025-11-12 15:00:00,263.7142845824314,Residential,6781,300
R2,2025-11-12 15:00:00,302.719638299997,Commercial,7086,450
R3,2025-11-12 15:00:00,142.57071631241297,Residential,7624,400
R4,2025-11-12 15:00:00,134.22419903142693,Residential,4746,440
R1,2025-11-12 16:00:00,166.64545739023185,Residential,6781,300
R2,2025-11-12 16:00:00,111.03421395013669,Commercial,7086,450
R3,2025-11-12 16:00:00,219.1140865379668,Residential,7624,400
R4,2025-11-12 16:00:00,206.71080765900513,Residential,4746,440
R1,2025-11-12 17:00:00,377.40843596626723,Residential,6781,300
R2,2025-11-12 17:00:00,99.85345943882652,Commercial,7086,450
R3,2025-11-12 17:00:00,142.0240827234755,Residential,7624,400
R4,2025-11-12 17:00:00,117.29896452806526,Residential,4746,440
R1,2025-11-12 18:00:00,297.57853589862384,Residential,6781,300
R2,2025-11-12 18:00:00,345.2735882171114,Commercial,7086,450
R3,2025-11-12 18:00:00,285.26450025992267,Residential,7624,400
R4,2025-11-12 18:00:00,164.26207896418072,Residential,4746,440
R1,2025-11-12 19:00:00,170.97437033293002,Residential,6781,300
R2,2025-11-12 19:00:00,192.08160791075153,Commercial,7086,450
R3,2025-11-12 19:00:00,316.03345941918644,Residential,7624,400
R4,2025-11-12 19:00:00,391.1223986483352,Residential,4746,440
R1,2025-11-12 20:00:00,219.428910580254,Residential,6781,300
R2,2025-11-12 20:00:00,356.47294508741544,Commercial,7086,450
R3,2025-11-12 20:00:00,299.05838928777473,Residential,7624,400
R4,2025-11-12 20:00:00,379.5531673490892,Residential,4746,440
R1,2025-11-12 21:00:00,244.3144029754345,Residential,6781,300
R2,2025-11-12 21:00:00,306.30679886139797,Commercial,7086,450
R3,2025-11-12 21:00:00,199.63585528147837,Residential,7624,400
R4,2025-11-12 21:00:00,329.8062379792254,Residential,4746,440
R1,2025-11-12 22:00:00,182.29951723133112,Residential,6781,300
R2,2025-11-12 22:00:00,146.72501343237602,Commercial,7086,450
R3,2025-11-12 22:00:00,201.01771259260087,Residential,7624,400
R4,2025-11-12 22:00:00,316.94783702289044,Residential,4746,440
R1,2025-11-12 23:00:00,299.6540884495582,Residential,6781,300
R2,2025-11-12 23:00:00,184.03806205768012,Commercial,7086,450
R3,2025-11-12 23:00:00,245.87311769518692,Residential,7624,400
R4,2025-11-12 23:00:00,234.73660883126303,Residential,4746,440
R1,2025-11-13 00:00:00,99.02545831829781,Residential,6781,300
R2,2025-11-13 00:00:00,249.4150193324464,Commercial,7086,450
R3,2025-11-13 00:00:00,162.87244902537554,Residential,7624,400
R4,2025-11-13 00:00:00,150.70008863993417,Residential,4746,440
R1,2025-11-13 01:00:00,359.00929326668825,Residential,6781,300
R2,2025-11-13 01:00:00,348.26180504350395,Commercial,7086,450
R3,2025-11-13 01:00:00,331.41050988966447,Residential,7624,400
R4,2025-11-13 01:00:00,157.22697429052243,Residential,4746,440
R1,2025-11-13 02:00:00,171.01900915457594,Residential,6781,300
R2,2025-11-13 02:00:00,280.9067978533555,Commercial,7086,450
R3,2025-11-13 02:00:00,132.47555796900963,Residential,7624,400
R4,2025-11-13 02:00:00,104.47740409228594,Residential,4746,440
R1,2025-11-13 03:00:00,103.61999383241869,Residential,6781,300
R2,2025-11-13 03:00:00,99.25140769605584,Commercial,7086,450
R3,2025-11-13 03:00:00,194.82932344454017,Residential,7624,400
R4,2025-11-13 03:00:00,352.01818285940146,Residential,4746,440
R1,2025-11-13 04:00:00,209.45335883049972,Residential,6781,300
R2,2025-11-13 04:00:00,119.49115646379258,Commercial,7086,450
R3,2025-11-13 04:00:00,213.13741028863714,Residential,7624,400
R4,2025-11-13 04:00:00,306.2352958896121,Residential,4746,440
R1,2025-11-13 05:00:00,234.8702973290469,Residential,6781,300
R2,2025-11-13 05:00:00,258.7458737049662,Commercial,7086,450
R3,2025-11-13 05:00:00,370.5649708343248,Residential,7624,400
R4,2025-11-13 05:00:00,345.9629960756779,Residential,4746,440
R1,2025-11-13 06:00:00,146.89130928245868,Residential,6781,300
R2,2025-11-13 06:00:00,178.161795014476,Commercial,7086,450
R3,2025-11-13 06:00:00,355.1001036628725,Residential,7624,400
R4,2025-11-13 06:00:00,228.80603847851847,Residential,4746,440
R1,2025-11-13 07:00:00,156.44989698466503,Residential,6781,300
R2,2025-11-13 07:00:00,154.61948809173367,Commercial,7086,450
R3,2025-11-13 07:00:00,282.15666998429634,Residential,7624,400
R4,2025-11-13 07:00:00,83.07275509393193,Residential,4746,440
R1,2025-11-13 08:00:00,259.7376248002412,Residential,6781,300
R2,2025-11-13 08:00:00,288.49898068119444,Commercial,7086,450
R3,2025-11-13 08:00:00,365.9753779236685,Residential,7624,400
R4,2025-11-13 08:00:00,239.56857502900246,Residential,4746,440
R1,2025-11-13 09:00:00,322.5360934187541,Residential,6781,300
R2,2025-11-13 09:00:00,391.65004087328197,Commercial,7086,450
R3,2025-11-13 09:00:00,317.77132139837846,Residential,7624,400
R4,2025-11-13 09:00:00,200.84280341890437,Residential,4746,440
R1,2025-11-13 10:00:00,315.3865590321643,Residential,6781,300
R2,2025-11-13 10:00:00,194.70967907244838,Commercial,7086,450
R3,2025-11-13 10:00:00,188.21417419854373,Residential,7624,400
R4,2025-11-13 10:00:00,167.6683108446863,Residential,4746,440
R1,2025-11-13 11:00:00,147.41067334240827,Residential,6781,300
R2,2025-11-13 11:00:00,264.3661993142975,Commercial,7086,450
R3,2025-11-13 11:00:00,362.0896205241069,Residential,7624,400
R4,2025-11-13 11:00:00,363.80614742038466,Residential,4746,440
R1,2025-11-13 12:00:00,255.60424478839064,Residential,6781,300
R2,2025-11-13 12:00:00,388.5445487973145,Commercial,7086,450
R3,2025-11-13 12:00:00,169.59624679185882,Residential,7624,400
R4,2025-11-13 12:00:00,120.03037203607076,Residential,4746,440
R1,2025-11-13 13:00:00,281.5614317588304,Residential,6781,300
R2,2025-11-13 13:00:00,160.64562622565717,Commercial,7086,450
R3,2025-11-13 13:00:00,167.68754255339883,Residential,7624,400
R4,2025-11-13 13:00:00,358.3247125027607,Residential,4746,440
R1,2025-11-13 14:00:00,333.2557069029085,Residential,6781,300
R2,2025-11-13 14:00:00,160.901510091301,Commercial,7086,450
R3,2025-11-13 14:00:00,156.05357535842285,Residential,7624,400
R4,2025-11-13 14:00:00,105.29034247751518,Residential,4746,440
R1,2025-11-13 15:00:00,179.06625344052682,Residential,6781,300
R2,2025-11-13 15:00:00,124.67707361786047,Commercial,7086,450
R3,2025-11-13 15:00:00,250.08039386054534,Residential,7624,400
R4,2025-11-13 15:00:00,90.62115083859081,Residential,4746,440
R1,2025-11-13 16:00:00,271.9068601915893,Residential,6781,300
R2,2025-11-13 16:00:00,126.6148099388866,Commercial,7086,450
R3,2025-11-13 16:00:00,117.48282427592375,Residential,7624,400
R4,2025-11-13 16:00:00,245.91345867052084,Residential,4746,440
R1,2025-11-13 17:00:00,118.66379110416037,Residential,6781,300
R2,2025-11-13 17:00:00,349.5006724643486,Commercial,7086,450
R3,2025-11-13 17:00:00,114.62761907444744,Residential,7624,400
R4,2025-11-13 17:00:00,356.5738262731848,Residential,4746,440
R1,2025-11-13 18:00:00,194.72965541520495,Residential,6781,300
R2,2025-11-13 18:00:00,313.4981364442091,Commercial,7086,450
R3,2025-11-13 18:00:00,109.71328669265529,Residential,7624,400
R4,2025-11-13 18:00:00,375.3438457425461,Residential,4746,440
R1,2025-11-13 19:00:00,119.85142510362809,Residential,6781,300
R2,2025-11-13 19:00:00,198.7087040256317,Commercial,7086,450
R3,2025-11-13 19:00:00,202.72111196489251,Residential,7624,400
R4,2025-11-13 19:00:00,273.8220119812584,Residential,4746,440
R1,2025-11-13 20:00:00,281.715843209537,Residential,6781,300
R2,2025-11-13 20:00:00,120.78404351616567,Commercial,7086,450
R3,2025-11-13 20:00:00,300.2128232373797,Residential,7624,400
R4,2025-11-13 20:00:00,392.8592750778574,Residential,4746,440
R1,2025-11-13 21:00:00,293.7070090348884,Residential,6781,300
R2,2025-11-13 21:00:00,163.33078986310025,Commercial,7086,450
R3,2025-11-13 21:00:00,103.87078314580677,Residential,7624,400
R4,2025-11-13 21:00:00,105.17495935988826,Residential,4746,440
R1,2025-11-13 22:00:00,103.37534113514153,Residential,6781,300
R2,2025-11-13 22:00:00,205.02223062573194,Commercial,7086,450
R3,2025-11-13 22:00:00,163.82139977492557,Residential,7624,400
R4,2025-11-13 22:00:00,287.1794632825648,Residential,4746,440
R1,2025-11-13 23:00:00,118.44733960784112,Residential,6781,300
R2,2025-11-13 23:00:00,353.5404097143192,Commercial,7086,450
R3,2025-11-13 23:00:00,269.23189284041564,Residential,7624,400
R4,2025-11-13 23:00:00,177.56064658722406,Residential,4746,440
R1,2025-11-14 00:00:00,398.32884458366027,Residential,6781,300
R2,2025-11-14 00:00:00,102.47901615706176,Commercial,7086,450
R3,2025-11-14 00:00:00,102.82975512481649,Residential,7624,400
R4,2025-11-14 00:00:00,167.4659206343661,Residential,4746,440
R1,2025-11-14 01:00:00,366.552939929963,Residential,6781,300
R2,2025-11-14 01:00:00,266.9559513442002,Commercial,7086,450
R3,2025-11-14 01:00:00,83.57630029870396,Residential,7624,400
R4,2025-11-14 01:00:00,326.0130425660187,Residential,4746,440
R1,2025-11-14 02:00:00,146.0618118212197,Residential,6781,300
R2,2025-11-14 02:00:00,181.3481738630087,Commercial,7086,450
R3,2025-11-14 02:00:00,144.98035388213694,Residential,7624,400
R4,2025-11-14 02:00:00,136.19731637341874,Residential,4746,440
R1,2025-11-14 03:00:00,314.71078368101723,Residential,6781,300
R2,2025-11-14 03:00:00,275.03729199929467,Commercial,7086,450
R3,2025-11-14 03:00:00,361.80002662337847,Residential,7624,400
R4,2025-11-14 03:00:00,380.7062394272814,Residential,4746,440
R1,2025-11-14 04:00:00,398.60758175891885,Residential,6781,300
R2,2025-11-14 04:00:00,258.9253476054637,Commercial,7086,450
R3,2025-11-14 04:00:00,227.34582616936336,Residential,7624,400
R4,2025-11-14 04:00:00,148.97200992071356,Residential,4746,440
R1,2025-11-14 05:00:00,92.35347137412975,Residential,6781,300
R2,2025-11-14 05:00:00,219.4816626182274,Commercial,7086,450
R3,2025-11-14 05:00:00,389.30123638113946,Residential,7624,400
R4,2025-11-14 05:00:00,387.35567299658766,Residential,4746,440
R1,2025-11-14 06:00:00,305.7074557632255,Residential,6781,300
R2,2025-11-14 06:00:00,318.08125432642646,Commercial,7086,450
R3,2025-11-14 06:00:00,362.7092609054496,Residential,7624,400
R4,2025-11-14 06:00:00,192.0039745007977,Residential,4746,440
R1,2025-11-14 07:00:00,290.2882380111039,Residential,6781,300
R2,2025-11-14 07:00:00,120.22321713579939,Commercial,7086,450
R3,2025-11-14 07:00:00,111.61997439086346,Residential,7624,400
R4,2025-11-14 07:00:00,166.2042222443656,Residential,4746,440
R1,2025-11-14 08:00:00,236.68341417807994,Residential,6781,300
R2,2025-11-14 08:00:00,251.6738525869982,Commercial,7086,450
R3,2025-11-14 08:00:00,269.1843080053029,Residential,7624,400
R4,2025-11-14 08:00:00,106.69451604932227,Residential,4746,440
R1,2025-11-14 09:00:00,355.81315636437,Residential,6781,300
R2,2025-11-14 09:00:00,186.37504854371684,Commercial,7086,450
R3,2025-11-14 09:00:00,116.67709556893894,Residential,7624,400
R4,2025-11-14 09:00:00,294.6693548730171,Residential,4746,440
R1,2025-11-14 10:00:00,224.2089608964183,Residential,6781,300
R2,2025-11-14 10:00:00,211.36538451029284,Commercial,7086,450
R3,2025-11-14 10:00:00,198.73014299503643,Residential,7624,400
R4,2025-11-14 10:00:00,260.53425536595,Residential,4746,440
R1,2025-11-14 11:00:00,183.6704752225822,Residential,6781,300
R2,2025-11-14 11:00:00,360.45763293510754,Commercial,7086,450
R3,2025-11-14 11:00:00,150.12462421920148,Residential,7624,400
R4,2025-11-14 11:00:00,395.6904626057946,Residential,4746,440
R1,2025-11-14 12:00:00,185.34826997382154,Residential,6781,300
R2,2025-11-14 12:00:00,344.5125881802776,Commercial,7086,450
R3,2025-11-14 12:00:00,143.11518691749058,Residential,7624,400
R4,2025-11-14 12:00:00,143.290401319845,Residential,4746,440
R1,2025-11-14 13:00:00,151.8502429142036,Residential,6781,300
R2,2025-11-14 13:00:00,125.40354582467754,Commercial,7086,450
R3,2025-11-14 13:00:00,195.9862860016176,Residential,7624,400
R4,2025-11-14 13:00:00,93.47021541702567,Residential,4746,440
R1,2025-11-14 14:00:00,240.77943988158972,Residential,6781,300
R2,2025-11-14 14:00:00,328.1113169893418,Commercial,7086,450
R3,2025-11-14 14:00:00,171.53164247316465,Residential,7624,400
R4,2025-11-14 14:00:00,202.87539409926904,Residential,4746,440
R1,2025-11-14 15:00:00,396.74577148685984,Residential,6781,300
R2,2025-11-14 15:00:00,248.636006475096,Commercial,7086,450
R3,2025-11-14 15:00:00,373.5268872529466,Residential,7624,400
R4,2025-11-14 15:00:00,188.96060622067165,Residential,4746,440
R1,2025-11-14 16:00:00,364.319727924014,Residential,6781,300
R2,2025-11-14 16:00:00,94.2664479944304,Commercial,7086,450
R3,2025-11-14 16:00:00,82.52977301185744,Residential,7624,400
R4,2025-11-14 16:00:00,166.32830917124693,Residential,4746,440
R1,2025-11-14 17:00:00,323.17515272300096,Residential,6781,300
R2,2025-11-14 17:00:00,150.90787909336993,Commercial,7086,450
R3,2025-11-14 17:00:00,331.7384526794615,Residential,7624,400
R4,2025-11-14 17:00:00,372.96999742166275,Residential,4746,440
R1,2025-11-14 18:00:00,92.601435954485,Residential,6781,300
R2,2025-11-14 18:00:00,274.62775159811116,Commercial,7086,450
R3,2025-11-14 18:00:00,85.11594593476798,Residential,7624,400
R4,2025-11-14 18:00:00,167.55007371688077,Residential,4746,440
R1,2025-11-14 19:00:00,81.81725405769083,Residential,6781,300
R2,2025-11-14 19:00:00,289.8496298372076,Commercial,7086,450
R3,2025-11-14 19:00:00,334.30169650265555,Residential,7624,400
R4,2025-11-14 19:00:00,104.22755588687355,Residential,4746,440
R1,2025-11-14 20:00:00,198.41767622898286,Residential,6781,300
R2,2025-11-14 20:00:00,283.1287038080766,Commercial,7086,450
R3,2025-11-14 20:00:00,286.1102662467476,Residential,7624,400
R4,2025-11-14 20:00:00,380.13212679223665,Residential,4746,440
R1,2025-11-14 21:00:00,359.85999989293776,Residential,6781,300
R2,2025-11-14 21:00:00,146.07603379707868,Commercial,7086,450
R3,2025-11-14 21:00:00,105.4425432108809,Residential,7624,400
R4,2025-11-14 21:00:00,325.1627338961529,Residential,4746,440
R1,2025-11-14 22:00:00,176.08961191287716,Residential,6781,300
R2,2025-11-14 22:00:00,257.3215230612543,Commercial,7086,450
R3,2025-11-14 22:00:00,379.71766716044107,Residential,7624,400
R4,2025-11-14 22:00:00,174.03909851999305,Residential,4746,440
R1,2025-11-14 23:00:00,380.53175140160334,Residential,6781,300
R2,2025-11-14 23:00:00,164.70474274946253,Commercial,7086,450
R3,2025-11-14 23:00:00,350.49913875436914,Residential,7624,400
R4,2025-11-14 23:00:00,380.2741287630986,Residential,4746,440
R1,2025-11-15 00:00:00,382.72983981402564,Residential,6781,300
R2,2025-11-15 00:00:00,343.21126476604786,Commercial,7086,450
R3,2025-11-15 00:00:00,327.8587117710922,Residential,7624,400
R4,2025-11-15 00:00:00,127.4587134382065,Residential,4746,440
R1,2025-11-15 01:00:00,279.39300127903533,Residential,6781,300
R2,2025-11-15 01:00:00,255.04328937175006,Commercial,7086,450
R3,2025-11-15 01:00:00,285.11672222661184,Residential,7624,400
R4,2025-11-15 01:00:00,189.92987676179777,Residential,4746,440
R1,2025-11-15 02:00:00,223.46803417634334,Residential,6781,300
R2,2025-11-15 02:00:00,167.34825351018998,Commercial,7086,450
R3,2025-11-15 02:00:00,367.5843966274165,Residential,7624,400
R4,2025-11-15 02:00:00,170.9186591428974,Residential,4746,440
R1,2025-11-15 03:00:00,228.3017108735396,Residential,6781,300
R2,2025-11-15 03:00:00,130.00187172145013,Commercial,7086,450
R3,2025-11-15 03:00:00,131.48827818645066,Residential,7624,400
R4,2025-11-15 03:00:00,168.88364689116662,Residential,4746,440
R1,2025-11-15 04:00:00,368.0124288128579,Residential,6781,300
R2,2025-11-15 04:00:00,346.0646943985209,Commercial,7086,450
R3,2025-11-15 04:00:00,171.36626576897777,Residential,7624,400
R4,2025-11-15 04:00:00,139.50745996902094,Residential,4746,440
R1,2025-11-15 05:00:00,328.4067457903459,Residential,6781,300
R2,2025-11-15 05:00:00,137.20422758922712,Commercial,7086,450
R3,2025-11-15 05:00:00,137.50174810049802,Residential,7624,400
R4,2025-11-15 05:00:00,198.58189720189642,Residential,4746,440
R1,2025-11-15 06:00:00,311.2970120804076,Residential,6781,300
R2,2025-11-15 06:00:00,326.1607514187818,Commercial,7086,450
R3,2025-11-15 06:00:00,392.7782540510522,Residential,7624,400
R4,2025-11-15 06:00:00,256.1890577012928,Residential,4746,440
R1,2025-11-15 07:00:00,95.78732292364549,Residential,6781,300
R2,2025-11-15 07:00:00,184.41155430096364,Commercial,7086,450
R3,2025-11-15 07:00:00,288.8754031018984,Residential,7624,400
R4,2025-11-15 07:00:00,359.63924853201786,Residential,4746,440
R1,2025-11-15 08:00:00,104.89454603676052,Residential,6781,300
R2,2025-11-15 08:00:00,362.0469300573625,Commercial,7086,450
R3,2025-11-15 08:00:00,171.25898546425236,Residential,7624,400
R4,2025-11-15 08:00:00,142.91733085336557,Residential,4746,440
R1,2025-11-15 09:00:00,387.88240169128466,Residential,6781,300
R2,2025-11-15 09:00:00,197.63406738329834,Commercial,7086,450
R3,2025-11-15 09:00:00,277.50230783795206,Residential,7624,400
R4,2025-11-15 09:00:00,385.64832280335526,Residential,4746,440
R1,2025-11-15 10:00:00,278.3980097044955,Residential,6781,300
R2,2025-11-15 10:00:00,106.16144005749643,Commercial,7086,450
R3,2025-11-15 10:00:00,186.6403181424829,Residential,7624,400
R4,2025-11-15 10:00:00,121.87516459819228,Residential,4746,440
R1,2025-11-15 11:00:00,334.61707587366163,Residential,6781,300
R2,2025-11-15 11:00:00,161.86191804420173,Commercial,7086,450
R3,2025-11-15 11:00:00,144.98755953594463,Residential,7624,400
R4,2025-11-15 11:00:00,361.2482784495918,Residential,4746,440
R1,2025-11-15 12:00:00,255.00530375163117,Residential,6781,300
R2,2025-11-15 12:00:00,183.76603983858894,Commercial,7086,450
R3,2025-11-15 12:00:00,303.84823367334354,Residential,7624,400
R4,2025-11-15 12:00:00,292.32344153081044,Residential,4746,440
R1,2025-11-15 13:00:00,215.7845785230602,Residential,6781,300
R2,2025-11-15 13:00:00,291.624363610831,Commercial,7086,450
R3,2025-11-15 13:00:00,284.3449498567159,Residential,7624,400
R4,2025-11-15 13:00:00,185.06126057156683,Residential,4746,440
R1,2025-11-15 14:00:00,169.86437114049264,Residential,6781,300
R2,2025-11-15 14:00:00,393.9345720757806,Commercial,7086,450
R3,2025-11-15 14:00:00,278.62718694224867,Residential,7624,400
R4,2025-11-15 14:00:00,270.8192115128046,Residential,4746,440
R1,2025-11-15 15:00:00,288.3704570290513,Residential,6781,300
R2,2025-11-15 15:00:00,376.39326892480534,Commercial,7086,450
R3,2025-11-15 15:00:00,273.2359674049286,Residential,7624,400
R4,2025-11-15 15:00:00,322.1106145117286,Residential,4746,440
R1,2025-11-15 16:00:00,299.30315715372126,Residential,6781,300
R2,2025-11-15 16:00:00,270.7432986216429,Commercial,7086,450
R3,2025-11-15 16:00:00,153.21377551614523,Residential,7624,400
R4,2025-11-15 16:00:00,324.90952804065745,Residential,4746,440
R1,2025-11-15 17:00:00,359.6874285911251,Residential,6781,300
R2,2025-11-15 17:00:00,133.4586716809507,Commercial,7086,450
R3,2025-11-15 17:00:00,228.37952539731526,Residential,7624,400
R4,2025-11-15 17:00:00,350.7754735171758,Residential,4746,440
R1,2025-11-15 18:00:00,379.657069908918,Residential,6781,300
R2,2025-11-15 18:00:00,96.4516377603145,Commercial,7086,450
R3,2025-11-15 18:00:00,308.27299980832186,Residential,7624,400
R4,2025-11-15 18:00:00,353.12687244418845,Residential,4746,440
R1,2025-11-15 19:00:00,212.87142736387904,Residential,6781,300
R2,2025-11-15 19:00:00,86.24893743096092,Commercial,7086,450
R3,2025-11-15 19:00:00,177.21296993359056,Residential,7624,400
R4,2025-11-15 19:00:00,147.73587126122487,Residential,4746,440
R1,2025-11-15 20:00:00,220.55386884207113,Residential,6781,300
R2,2025-11-15 20:00:00,396.3714140676351,Commercial,7086,450
R3,2025-11-15 20:00:00,281.3046976614037,Residential,7624,400
R4,2025-11-15 20:00:00,122.57027950821498,Residential,4746,440
R1,2025-11-15 21:00:00,152.57829475311775,Residential,6781,300
R2,2025-11-15 21:00:00,263.13395828303595,Commercial,7086,450
R3,2025-11-15 21:00:00,359.6101804390542,Residential,7624,400
R4,2025-11-15 21:00:00,240.74220628199114,Residential,4746,440
R1,2025-11-15 22:00:00,168.34090359568177,Residential,6781,300
R2,2025-11-15 22:00:00,356.8137025937843,Commercial,7086,450
R3,2025-11-15 22:00:00,188.52580616683863,Residential,7624,400
R4,2025-11-15 22:00:00,95.85640040644589,Residential,4746,440
R1,2025-11-15 23:00:00,230.60949245843975,Residential,6781,300
R2,2025-11-15 23:00:00,114.1011627700725,Commercial,7086,450
R3,2025-11-15 23:00:00,342.14185533606235,Residential,7624,400
R4,2025-11-15 23:00:00,391.4037016955646,Residential,4746,440
R1,2025-11-16 00:00:00,216.46852352051926,Residential,6781,300
R2,2025-11-16 00:00:00,399.28839981693886,Commercial,7086,450
R3,2025-11-16 00:00:00,170.4826595311586,Residential,7624,400
R4,2025-11-16 00:00:00,178.43359696849683,Residential,4746,440
R1,2025-11-16 01:00:00,116.42514946022871,Residential,6781,300
R2,2025-11-16 01:00:00,283.4756676171479,Commercial,7086,450
R3,2025-11-16 01:00:00,395.4292260948705,Residential,7624,400
R4,2025-11-16 01:00:00,295.4655967276457,Residential,4746,440
R1,2025-11-16 02:00:00,346.84708573295643,Residential,6781,300
R2,2025-11-16 02:00:00,235.98561900097252,Commercial,7086,450
R3,2025-11-16 02:00:00,295.3174985849088,Residential,7624,400
R4,2025-11-16 02:00:00,91.1329810462048,Residential,4746,440
R1,2025-11-16 03:00:00,88.01950458832948,Residential,6781,300
R2,2025-11-16 03:00:00,175.92305889895928,Commercial,7086,450
R3,2025-11-16 03:00:00,325.96766300297145,Residential,7624,400
R4,2025-11-16 03:00:00,277.3789726014462,Residential,4746,440
R1,2025-11-16 04:00:00,92.41631914174124,Residential,6781,300
R2,2025-11-16 04:00:00,201.69665487753403,Commercial,7086,450
R3,2025-11-16 04:00:00,121.16446177251791,Residential,7624,400
R4,2025-11-16 04:00:00,257.0646706408535,Residential,4746,440
R1,2025-11-16 05:00:00,222.34527434007273,Residential,6781,300
R2,2025-11-16 05:00:00,158.04867159391267,Commercial,7086,450
R3,2025-11-16 05:00:00,145.3945727897745,Residential,7624,400
R4,2025-11-16 05:00:00,80.92573576421162,Residential,4746,440
R1,2025-11-16 06:00:00,355.21441499094647,Residential,6781,300
R2,2025-11-16 06:00:00,213.76278910320704,Commercial,7086,450
R3,2025-11-16 06:00:00,393.4960093819365,Residential,7624,400
R4,2025-11-16 06:00:00,192.09665765715596,Residential,4746,440
R1,2025-11-16 07:00:00,205.66695049170232,Residential,6781,300
R2,2025-11-16 07:00:00,280.1918019711206,Commercial,7086,450
R3,2025-11-16 07:00:00,279.799923838846,Residential,7624,400
R4,2025-11-16 07:00:00,337.7054559847227,Residential,4746,440
R1,2025-11-16 08:00:00,308.4804747064278,Residential,6781,300
R2,2025-11-16 08:00:00,225.5498239781333,Commercial,7086,450
R3,2025-11-16 08:00:00,159.95401862497238,Residential,7624,400
R4,2025-11-16 08:00:00,370.6873555736781,Residential,4746,440
R1,2025-11-16 09:00:00,236.7687357841777,Residential,6781,300
R2,2025-11-16 09:00:00,203.10091629687975,Commercial,7086,450
R3,2025-11-16 09:00:00,262.19872761511067,Residential,7624,400
R4,2025-11-16 09:00:00,156.49249750567196,Residential,4746,440
R1,2025-11-16 10:00:00,375.11125739862524,Residential,6781,300
R2,2025-11-16 10:00:00,370.9109837622169,Commercial,7086,450
R3,2025-11-16 10:00:00,340.91493046337126,Residential,7624,400
R4,2025-11-16 10:00:00,303.93669052788823,Residential,4746,440
R1,2025-11-16 11:00:00,192.31552209778135,Residential,6781,300
R2,2025-11-16 11:00:00,381.97381141221337,Commercial,7086,450
R3,2025-11-16 11:00:00,84.28767775433786,Residential,7624,400
R4,2025-11-16 11:00:00,214.22740368979254,Residential,4746,440
R1,2025-11-16 12:00:00,365.6319679940176,Residential,6781,300
R2,2025-11-16 12:00:00,308.35811104393974,Commercial,7086,450
R3,2025-11-16 12:00:00,288.77635596170677,Residential,7624,400
R4,2025-11-16 12:00:00,347.7987828031859,Residential,4746,440
R1,2025-11-16 13:00:00,219.20543123263653,Residential,6781,300
R2,2025-11-16 13:00:00,121.48875562120871,Commercial,7086,450
R3,2025-11-16 13:00:00,361.7696491972331,Residential,7624,400
R4,2025-11-16 13:00:00,317.2874365341937,Residential,4746,440
R1,2025-11-16 14:00:00,93.89134915464489,Residential,6781,300
R2,2025-11-16 14:00:00,96.6766649303527,Commercial,7086,450
R3,2025-11-16 14:00:00,139.28242805884136,Residential,7624,400
R4,2025-11-16 14:00:00,378.04371054940685,Residential,4746,440
R1,2025-11-16 15:00:00,142.43498477319872,Residential,6781,300
R2,2025-11-16 15:00:00,86.57331955111111,Commercial,7086,450
R3,2025-11-16 15:00:00,117.28328129518215,Residential,7624,400
R4,2025-11-16 15:00:00,218.97708421043836,Residential,4746,440
R1,2025-11-16 16:00:00,258.6300597035807,Residential,6781,300
R2,2025-11-16 16:00:00,175.04521056722925,Commercial,7086,450
R3,2025-11-16 16:00:00,208.32914672748439,Residential,7624,400
R4,2025-11-16 16:00:00,301.50023987921577,Residential,4746,440
R1,2025-11-16 17:00:00,215.11623139209365,Residential,6781,300
R2,2025-11-16 17:00:00,182.17135323089133,Commercial,7086,450
R3,2025-11-16 17:00:00,307.25431942248355,Residential,7624,400
R4,2025-11-16 17:00:00,321.47607964252603,Residential,4746,440
R1,2025-11-16 18:00:00,83.31794421773682,Residential,6781,300
R2,2025-11-16 18:00:00,146.81011684232584,Commercial,7086,450
R3,2025-11-16 18:00:00,178.33169120484567,Residential,7624,400
R4,2025-11-16 18:00:00,180.03021455120123,Residential,4746,440
R1,2025-11-16 19:00:00,298.72431067715337,Residential,6781,300
R2,2025-11-16 19:00:00,160.76762138076728,Commercial,7086,450
R3,2025-11-16 19:00:00,141.93685422369862,Residential,7624,400
R4,2025-11-16 19:00:00,121.83723787922219,Residential,4746,440
R1,2025-11-16 20:00:00,331.18647225696895,Residential,6781,300
R2,2025-11-16 20:00:00,175.10187781203678,Commercial,7086,450
R3,2025-11-16 20:00:00,162.17726613941096,Residential,7624,400
R4,2025-11-16 20:00:00,322.39304192225904,Residential,4746,440
R1,2025-11-16 21:00:00,307.93734005797023,Residential,6781,300
R2,2025-11-16 21:00:00,276.987566175236,Commercial,7086,450
R3,2025-11-16 21:00:00,188.05444488931596,Residential,7624,400
R4,2025-11-16 21:00:00,202.80559827407697,Residential,4746,440
R1,2025-11-16 22:00:00,109.59368747647744,Residential,6781,300
R2,2025-11-16 22:00:00,123.258583928611,Commercial,7086,450
R3,2025-11-16 22:00:00,321.08285621612333,Residential,7624,400
R4,2025-11-16 22:00:00,367.01780368202674,Residential,4746,440
R1,2025-11-16 23:00:00,264.54708497713557,Residential,6781,300
R2,2025-11-16 23:00:00,160.8452711011323,Commercial,7086,450
R3,2025-11-16 23:00:00,359.50397083754865,Residential,7624,400
R4,2025-11-16 23:00:00,320.28989400451513,Residential,4746,440
R1,2025-11-17 00:00:00,309.7768268334359,Residential,6781,300
R2,2025-11-17 00:00:00,187.48902915609239,Commercial,7086,450
R3,2025-11-17 00:00:00,98.6560773939695,Residential,7624,400
R4,2025-11-17 00:00:00,234.23181011281577,Residential,4746,440
R1,2025-11-17 01:00:00,305.55065737669497,Residential,6781,300
R2,2025-11-17 01:00:00,102.31420845336504,Commercial,7086,450
R3,2025-11-17 01:00:00,120.1121515798894,Residential,7624,400
R4,2025-11-17 01:00:00,106.78114340312365,Residential,4746,440
R1,2025-11-17 02:00:00,129.9370989316117,Residential,6781,300
R2,2025-11-17 02:00:00,383.54844173659546,Commercial,7086,450
R3,2025-11-17 02:00:00,353.24818998219916,Residential,7624,400
R4,2025-11-17 02:00:00,90.91986006400776,Residential,4746,440
R1,2025-11-17 03:00:00,326.6840323979626,Residential,6781,300
R2,2025-11-17 03:00:00,139.2524772116906,Commercial,7086,450
R3,2025-11-17 03:00:00,374.14014404674975,Residential,7624,400
R4,2025-11-17 03:00:00,129.57327837209107,Residential,4746,440
R1,2025-11-17 04:00:00,253.4832355222983,Residential,6781,300
R2,2025-11-17 04:00:00,178.01462115673365,Commercial,7086,450
R3,2025-11-17 04:00:00,349.1404403399871,Residential,7624,400
R4,2025-11-17 04:00:00,250.96638417894394,Residential,4746,440
R1,2025-11-17 05:00:00,185.88350660068988,Residential,6781,300
R2,2025-11-17 05:00:00,251.8384936361555,Commercial,7086,450
R3,2025-11-17 05:00:00,186.10201509670173,Residential,7624,400
R4,2025-11-17 05:00:00,204.86675056170387,Residential,4746,440
R1,2025-11-17 06:00:00,372.11787649892193,Residential,6781,300
R2,2025-11-17 06:00:00,146.59272005080464,Commercial,7086,450
R3,2025-11-17 06:00:00,317.51646232257656,Residential,7624,400
R4,2025-11-17 06:00:00,351.2138149626583,Residential,4746,440
R1,2025-11-17 07:00:00,126.06991851480025,Residential,6781,300
R2,2025-11-17 07:00:00,181.38450802295944,Commercial,7086,450
R3,2025-11-17 07:00:00,327.4819859620003,Residential,7624,400
R4,2025-11-17 07:00:00,177.5987612582423,Residential,4746,440
R1,2025-11-17 08:00:00,91.63576327709464,Residential,6781,300
R2,2025-11-17 08:00:00,224.1354280495685,Commercial,7086,450
R3,2025-11-17 08:00:00,184.58337535411815,Residential,7624,400
R4,2025-11-17 08:00:00,208.50014923322956,Residential,4746,440
R1,2025-11-17 09:00:00,116.06005191613718,Residential,6781,300
R2,2025-11-17 09:00:00,128.05076602837983,Commercial,7086,450
R3,2025-11-17 09:00:00,311.4406975222486,Residential,7624,400
R4,2025-11-17 09:00:00,209.20841592344286,Residential,4746,440
R1,2025-11-17 10:00:00,250.05292172011156,Residential,6781,300
R2,2025-11-17 10:00:00,203.1280723790893,Commercial,7086,450
R3,2025-11-17 10:00:00,327.4903521111669,Residential,7624,400
R4,2025-11-17 10:00:00,199.4361329862079,Residential,4746,440
R1,2025-11-17 11:00:00,273.8012837682993,Residential,6781,300
R2,2025-11-17 11:00:00,253.59424183877675,Commercial,7086,450
R3,2025-11-17 11:00:00,165.08487060714347,Residential,7624,400
R4,2025-11-17 11:00:00,109.02762731251639,Residential,4746,440
R1,2025-11-17 12:00:00,325.5433069605288,Residential,6781,300
R2,2025-11-17 12:00:00,351.362917183505,Commercial,7086,450
R3,2025-11-17 12:00:00,208.40305677948905,Residential,7624,400
R4,2025-11-17 12:00:00,162.35971896037003,Residential,4746,440
R1,2025-11-17 13:00:00,230.88346702175988,Residential,6781,300
R2,2025-11-17 13:00:00,154.5320595909838,Commercial,7086,450
R3,2025-11-17 13:00:00,289.7674136171063,Residential,7624,400
R4,2025-11-17 13:00:00,286.3803885697122,Residential,4746,440
R1,2025-11-17 14:00:00,348.29040769422886,Residential,6781,300
R2,2025-11-17 14:00:00,263.4474256444047,Commercial,7086,450
R3,2025-11-17 14:00:00,291.98576796436896,Residential,7624,400
R4,2025-11-17 14:00:00,285.7480288715836,Residential,4746,440
R1,2025-11-17 15:00:00,120.38638904077025,Residential,6781,300
R2,2025-11-17 15:00:00,287.9205347055256,Commercial,7086,450
R3,2025-11-17 15:00:00,97.78562318362034,Residential,7624,400
R4,2025-11-17 15:00:00,111.65770063319474,Residential,4746,440
R1,2025-11-17 16:00:00,275.0695930707104,Residential,6781,300
R2,2025-11-17 16:00:00,138.70794729126726,Commercial,7086,450
R3,2025-11-17 16:00:00,87.71309066353044,Residential,7624,400
R4,2025-11-17 16:00:00,195.39687593025587,Residential,4746,440
R1,2025-11-17 17:00:00,247.34355525254568,Residential,6781,300
R2,2025-11-17 17:00:00,133.32009427049545,Commercial,7086,450
R3,2025-11-17 17:00:00,376.19161266501834,Residential,7624,400
R4,2025-11-17 17:00:00,342.17203802247155,Residential,4746,440
R1,2025-11-17 18:00:00,104.35347550596236,Residential,6781,300
R2,2025-11-17 18:00:00,202.36435301167958,Commercial,7086,450
R3,2025-11-17 18:00:00,271.80468695227427,Residential,7624,400
R4,2025-11-17 18:00:00,362.24343786684443,Residential,4746,440
R1,2025-11-17 19:00:00,188.92501789286766,Residential,6781,300
R2,2025-11-17 19:00:00,191.40559127610948,Commercial,7086,450
R3,2025-11-17 19:00:00,92.68425482747183,Residential,7624,400
R4,2025-11-17 19:00:00,334.16436671454585,Residential,4746,440
R1,2025-11-17 20:00:00,308.6658144324443,Residential,6781,300
R2,2025-11-17 20:00:00,381.4493481465798,Commercial,7086,450
R3,2025-11-17 20:00:00,305.4317139643439,Residential,7624,400
R4,2025-11-17 20:00:00,116.51156542846135,Residential,4746,440
R1,2025-11-17 21:00:00,357.59613577816714,Residential,6781,300
R2,2025-11-17 21:00:00,105.74831713282343,Commercial,7086,450
R3,2025-11-17 21:00:00,256.7911530765845,Residential,7624,400
R4,2025-11-17 21:00:00,89.07535625777757,Residential,4746,440
R1,2025-11-17 22:00:00,204.35782298625028,Residential,6781,300
R2,2025-11-17 22:00:00,290.7805276683463,Commercial,7086,450
R3,2025-11-17 22:00:00,371.50856745212997,Residential,7624,400
R4,2025-11-17 22:00:00,211.82851008946957,Residential,4746,440
R1,2025-11-17 23:00:00,340.99251518886064,Residential,6781,300
R2,2025-11-17 23:00:00,219.39121366881065,Commercial,7086,450
R3,2025-11-17 23:00:00,343.6322683428972,Residential,7624,400
R4,2025-11-17 23:00:00,336.3896392527364,Residential,4746,440
R1,2025-11-18 00:00:00,385.5652927886406,Residential,6781,300
R2,2025-11-18 00:00:00,119.82381879477185,Commercial,7086,450
R3,2025-11-18 00:00:00,332.5073823604155,Residential,7624,400
R4,2025-11-18 00:00:00,339.6532073459022,Residential,4746,440
R1,2025-11-18 01:00:00,132.6903672048565,Residential,6781,300
R2,2025-11-18 01:00:00,356.0763837660076,Commercial,7086,450
R3,2025-11-18 01:00:00,340.91829597126343,Residential,7624,400
R4,2025-11-18 01:00:00,393.3094995782796,Residential,4746,440
R1,2025-11-18 02:00:00,90.90853934828132,Residential,6781,300
R2,2025-11-18 02:00:00,226.7408236690395,Commercial,7086,450
R3,2025-11-18 02:00:00,111.47723064843828,Residential,7624,400
R4,2025-11-18 02:00:00,150.4791071559362,Residential,4746,440
R1,2025-11-18 03:00:00,388.0876028254745,Residential,6781,300
R2,2025-11-18 03:00:00,308.1669768476347,Commercial,7086,450
R3,2025-11-18 03:00:00,384.174054623644,Residential,7624,400
R4,2025-11-18 03:00:00,365.6169435487323,Residential,4746,440
R1,2025-11-18 04:00:00,200.50393229326377,Residential,6781,300
R2,2025-11-18 04:00:00,257.94445187022586,Commercial,7086,450
R3,2025-11-18 04:00:00,354.49067409397367,Residential,7624,400
R4,2025-11-18 04:00:00,283.4288223240942,Residential,4746,440
R1,2025-11-18 05:00:00,218.27825447545405,Residential,6781,300
R2,2025-11-18 05:00:00,357.473286588773,Commercial,7086,450
R3,2025-11-18 05:00:00,320.4569604165281,Residential,7624,400
R4,2025-11-18 05:00:00,149.93929742328567,Residential,4746,440
R1,2025-11-18 06:00:00,141.32575735533578,Residential,6781,300
R2,2025-11-18 06:00:00,161.2020025739864,Commercial,7086,450
R3,2025-11-18 06:00:00,306.0720832002527,Residential,7624,400
R4,2025-11-18 06:00:00,295.0232686467195,Residential,4746,440
R1,2025-11-18 07:00:00,305.5775033818585,Residential,6781,300
R2,2025-11-18 07:00:00,208.50018402405857,Commercial,7086,450
R3,2025-11-18 07:00:00,269.2298128072435,Residential,7624,400
R4,2025-11-18 07:00:00,177.56315680443146,Residential,4746,440
R1,2025-11-18 08:00:00,373.60405527904095,Residential,6781,300
R2,2025-11-18 08:00:00,196.67854025554868,Commercial,7086,450
R3,2025-11-18 08:00:00,248.40989315830234,Residential,7624,400
R4,2025-11-18 08:00:00,367.43302942310333,Residential,4746,440
R1,2025-11-18 09:00:00,107.63324504495588,Residential,6781,300
R2,2025-11-18 09:00:00,83.79040527853743,Commercial,7086,450
R3,2025-11-18 09:00:00,294.25541250237023,Residential,7624,400
R4,2025-11-18 09:00:00,349.3216035516996,Residential,4746,440
R1,2025-11-18 10:00:00,187.33940807059156,Residential,6781,300
R2,2025-11-18 10:00:00,96.60698923271809,Commercial,7086,450
R3,2025-11-18 10:00:00,252.2034871259245,Residential,7624,400
R4,2025-11-18 10:00:00,175.3189226540614,Residential,4746,440
R1,2025-11-18 11:00:00,241.1270009548302,Residential,6781,300
R2,2025-11-18 11:00:00,294.1003438576429,Commercial,7086,450
R3,2025-11-18 11:00:00,163.8825409815375,Residential,7624,400
R4,2025-11-18 11:00:00,229.14761058903724,Residential,4746,440
R1,2025-11-18 12:00:00,237.6508271127512,Residential,6781,300
R2,2025-11-18 12:00:00,169.91556011971642,Commercial,7086,450
R3,2025-11-18 12:00:00,253.05656273512022,Residential,7624,400
R4,2025-11-18 12:00:00,191.32095345440135,Residential,4746,440
R1,2025-11-18 13:00:00,324.8831731816347,Residential,6781,300
R2,2025-11-18 13:00:00,265.9104141589845,Commercial,7086,450
R3,2025-11-18 13:00:00,172.85304544597633,Residential,7624,400
R4,2025-11-18 13:00:00,345.5584502032677,Residential,4746,440
R1,2025-11-18 14:00:00,314.98197820351425,Residential,6781,300
R2,2025-11-18 14:00:00,111.80839458704575,Commercial,7086,450
R3,2025-11-18 14:00:00,189.1792807520764,Residential,7624,400
R4,2025-11-18 14:00:00,216.05542637220836,Residential,4746,440
R1,2025-11-18 15:00:00,265.34002717462954,Residential,6781,300
R2,2025-11-18 15:00:00,348.27218250845215,Commercial,7086,450
R3,2025-11-18 15:00:00,305.23556868949083,Residential,7624,400
R4,2025-11-18 15:00:00,328.5726907374095,Residential,4746,440
R1,2025-11-18 16:00:00,379.98487031176177,Residential,6781,300
R2,2025-11-18 16:00:00,299.5371918574723,Commercial,7086,450
R3,2025-11-18 16:00:00,174.1291777737879,Residential,7624,400
R4,2025-11-18 16:00:00,383.533178903318,Residential,4746,440
R1,2025-11-18 17:00:00,93.14854602391097,Residential,6781,300
R2,2025-11-18 17:00:00,176.28558386931422,Commercial,7086,450
R3,2025-11-18 17:00:00,207.66312082161363,Residential,7624,400
R4,2025-11-18 17:00:00,364.15461494418594,Residential,4746,440
R1,2025-11-18 18:00:00,85.88887068297353,Residential,6781,300
R2,2025-11-18 18:00:00,399.44055061336303,Commercial,7086,450
R3,2025-11-18 18:00:00,126.72751263826271,Residential,7624,400
R4,2025-11-18 18:00:00,254.10485423663883,Residential,4746,440
R1,2025-11-18 19:00:00,364.0461618085879,Residential,6781,300
R2,2025-11-18 19:00:00,333.4722508150006,Commercial,7086,450
R3,2025-11-18 19:00:00,298.2695146025531,Residential,7624,400
R4,2025-11-18 19:00:00,280.0020583454758,Residential,4746,440
R1,2025-11-18 20:00:00,168.09919238048946,Residential,6781,300
R2,2025-11-18 20:00:00,384.44501827405975,Commercial,7086,450
R3,2025-11-18 20:00:00,80.46752882736709,Residential,7624,400
R4,2025-11-18 20:00:00,278.3619925387926,Residential,4746,440
R1,2025-11-18 21:00:00,190.4219340401306,Residential,6781,300
R2,2025-11-18 21:00:00,158.18662077551477,Commercial,7086,450
R3,2025-11-18 21:00:00,293.4572566141609,Residential,7624,400
R4,2025-11-18 21:00:00,320.48236814223435,Residential,4746,440
R1,2025-11-18 22:00:00,173.9714250729676,Residential,6781,300
R2,2025-11-18 22:00:00,262.409124009705,Commercial,7086,450
R3,2025-11-18 22:00:00,121.40073466617771,Residential,7624,400
R4,2025-11-18 22:00:00,395.5247310889458,Residential,4746,440
R1,2025-11-18 23:00:00,387.2814831656596,Residential,6781,300
R2,2025-11-18 23:00:00,112.56502354556173,Commercial,7086,450
R3,2025-11-18 23:00:00,221.0418374452607,Residential,7624,400
R4,2025-11-18 23:00:00,266.4623482113227,Residential,4746,440
R1,2025-11-19 00:00:00,319.1549885005811,Residential,6781,300
R2,2025-11-19 00:00:00,137.75859873846468,Commercial,7086,450
R3,2025-11-19 00:00:00,98.07083517888162,Residential,7624,400
R4,2025-11-19 00:00:00,105.95157247371411,Residential,4746,440
R1,2025-11-19 01:00:00,350.64055967119765,Residential,6781,300
R2,2025-11-19 01:00:00,321.4778360877655,Commercial,7086,450
R3,2025-11-19 01:00:00,135.89510821955338,Residential,7624,400
R4,2025-11-19 01:00:00,365.78621168612045,Residential,4746,440
R1,2025-11-19 02:00:00,326.0549026434742,Residential,6781,300
R2,2025-11-19 02:00:00,145.8821476556364,Commercial,7086,450
R3,2025-11-19 02:00:00,376.14017807704056,Residential,7624,400
R4,2025-11-19 02:00:00,225.98335743602092,Residential,4746,440
R1,2025-11-19 03:00:00,385.9665277834986,Residential,6781,300
R2,2025-11-19 03:00:00,172.31628060490698,Commercial,7086,450
R3,2025-11-19 03:00:00,209.45789463267332,Residential,7624,400
R4,2025-11-19 03:00:00,393.0786961223168,Residential,4746,440
R1,2025-11-19 04:00:00,237.68318708922718,Residential,6781,300
R2,2025-11-19 04:00:00,231.44310705596783,Commercial,7086,450
R3,2025-11-19 04:00:00,198.21324612548403,Residential,7624,400
R4,2025-11-19 04:00:00,254.10256065576965,Residential,4746,440
R1,2025-11-19 05:00:00,217.7658195355133,Residential,6781,300
R2,2025-11-19 05:00:00,298.90374701420126,Commercial,7086,450
R3,2025-11-19 05:00:00,366.300799381467,Residential,7624,400
R4,2025-11-19 05:00:00,117.74136191365034,Residential,4746,440
R1,2025-11-19 06:00:00,163.78153864777295,Residential,6781,300
R2,2025-11-19 06:00:00,283.0390787005282,Commercial,7086,450
R3,2025-11-19 06:00:00,82.16649232755316,Residential,7624,400
R4,2025-11-19 06:00:00,195.46630275187863,Residential,4746,440
R1,2025-11-19 07:00:00,246.19819061432293,Residential,6781,300
R2,2025-11-19 07:00:00,398.68360258923894,Commercial,7086,450
R3,2025-11-19 07:00:00,375.91207291972387,Residential,7624,400
R4,2025-11-19 07:00:00,192.7015213991625,Residential,4746,440
R1,2025-11-19 08:00:00,286.93999559702064,Residential,6781,300
R2,2025-11-19 08:00:00,260.5747883283457,Commercial,7086,450
R3,2025-11-19 08:00:00,203.60588374562798,Residential,7624,400
R4,2025-11-19 08:00:00,302.74875336811635,Residential,4746,440
R1,2025-11-19 09:00:00,280.9771466566992,Residential,6781,300
R2,2025-11-19 09:00:00,349.7908477387905,Commercial,7086,450
R3,2025-11-19 09:00:00,352.3829627735446,Residential,7624,400
R4,2025-11-19 09:00:00,231.25660859459177,Residential,4746,440
R1,2025-11-19 10:00:00,325.47882009961336,Residential,6781,300
R2,2025-11-19 10:00:00,92.27523201345853,Commercial,7086,450
R3,2025-11-19 10:00:00,116.78531992722803,Residential,7624,400
R4,2025-11-19 10:00:00,242.85140041974958,Residential,4746,440
R1,2025-11-19 11:00:00,339.13870040420477,Residential,6781,300
R2,2025-11-19 11:00:00,198.42728420719357,Commercial,7086,450
R3,2025-11-19 11:00:00,133.9194518790215,Residential,7624,400
R4,2025-11-19 11:00:00,167.32107646248014,Residential,4746,440
R1,2025-11-19 12:00:00,244.96226719018574,Residential,6781,300
R2,2025-11-19 12:00:00,182.42328175028348,Commercial,7086,450
R3,2025-11-19 12:00:00,267.1529454441062,Residential,7624,400
R4,2025-11-19 12:00:00,82.60358090997002,Residential,4746,440
R1,2025-11-19 13:00:00,248.37060586606162,Residential,6781,300
R2,2025-11-19 13:00:00,353.8684780039433,Commercial,7086,450
R3,2025-11-19 13:00:00,176.86296248894678,Residential,7624,400
R4,2025-11-19 13:00:00,275.2229861475642,Residential,4746,440
R1,2025-11-19 14:00:00,209.19807422770867,Residential,6781,300
R2,2025-11-19 14:00:00,207.9337607922436,Commercial,7086,450
R3,2025-11-19 14:00:00,274.8321824885709,Residential,7624,400
R4,2025-11-19 14:00:00,314.0292791393932,Residential,4746,440
R1,2025-11-19 15:00:00,92.1277992177524,Residential,6781,300
R2,2025-11-19 15:00:00,244.31678981018234,Commercial,7086,450
R3,2025-11-19 15:00:00,92.8941325618942,Residential,7624,400
R4,2025-11-19 15:00:00,335.5636296856874,Residential,4746,440
R1,2025-11-19 16:00:00,180.8955012875689,Residential,6781,300
R2,2025-11-19 16:00:00,281.01512095608797,Commercial,7086,450
R3,2025-11-19 16:00:00,108.25480229447163,Residential,7624,400
R4,2025-11-19 16:00:00,354.9348790465304,Residential,4746,440
R1,2025-11-19 17:00:00,225.01453642887833,Residential,6781,300
R2,2025-11-19 17:00:00,354.5395778732314,Commercial,7086,450
R3,2025-11-19 17:00:00,217.0060832447034,Residential,7624,400
R4,2025-11-19 17:00:00,165.2686193779619,Residential,4746,440
R1,2025-11-19 18:00:00,83.22715807030796,Residential,6781,300
R2,2025-11-19 18:00:00,375.67122934796714,Commercial,7086,450
R3,2025-11-19 18:00:00,322.84339286308335,Residential,7624,400
R4,2025-11-19 18:00:00,312.3250124780485,Residential,4746,440
R1,2025-11-19 19:00:00,382.76859380107845,Residential,6781,300
R2,2025-11-19 19:00:00,250.73674973164356,Commercial,7086,450
R3,2025-11-19 19:00:00,299.1340549596937,Residential,7624,400
R4,2025-11-19 19:00:00,318.46855960089823,Residential,4746,440
R1,2025-11-19 20:00:00,357.0188673265526,Residential,6781,300
R2,2025-11-19 20:00:00,209.6887606486814,Commercial,7086,450
R3,2025-11-19 20:00:00,204.07957228362255,Residential,7624,400
R4,2025-11-19 20:00:00,390.7061539246056,Residential,4746,440
R1,2025-11-19 21:00:00,233.13559194256615,Residential,6781,300
R2,2025-11-19 21:00:00,307.814555029973,Commercial,7086,450
R3,2025-11-19 21:00:00,349.038488803455,Residential,7624,400
R4,2025-11-19 21:00:00,351.11236836772616,Residential,4746,440
R1,2025-11-19 22:00:00,326.5071696276153,Residential,6781,300
R2,2025-11-19 22:00:00,130.49033470641103,Commercial,7086,450
R3,2025-11-19 22:00:00,212.34923024624524,Residential,7624,400
R4,2025-11-19 22:00:00,373.31593786805576,Residential,4746,440
R1,2025-11-19 23:00:00,391.9730399591687,Residential,6781,300
R2,2025-11-19 23:00:00,387.3024616848643,Commercial,7086,450
R3,2025-11-19 23:00:00,302.71079334494414,Residential,7624,400
R4,2025-11-19 23:00:00,174.67302854063078,Residential,4746,440
R1,2025-11-20 00:00:00,387.8359753181318,Residential,6781,300
R2,2025-11-20 00:00:00,173.574899006302,Commercial,7086,450
R3,2025-11-20 00:00:00,180.59804638183007,Residential,7624,400
R4,2025-11-20 00:00:00,285.6304965864272,Residential,4746,440
R1,2025-11-20 01:00:00,192.76713215507618,Residential,6781,300
R2,2025-11-20 01:00:00,231.07398178967048,Commercial,7086,450
R3,2025-11-20 01:00:00,282.04591959367133,Residential,7624,400
R4,2025-11-20 01:00:00,180.28929080352057,Residential,4746,440
R1,2025-11-20 02:00:00,309.6150558561029,Residential,6781,300
R2,2025-11-20 02:00:00,200.58274047270757,Commercial,7086,450
R3,2025-11-20 02:00:00,390.07353562951465,Residential,7624,400
R4,2025-11-20 02:00:00,255.49006509085422,Residential,4746,440
R1,2025-11-20 03:00:00,107.60411464453438,Residential,6781,300
R2,2025-11-20 03:00:00,372.6263383729974,Commercial,7086,450
R3,2025-11-20 03:00:00,370.75623335563614,Residential,7624,400
R4,2025-11-20 03:00:00,292.9215809134939,Residential,4746,440
R1,2025-11-20 04:00:00,339.2285435618613,Residential,6781,300
R2,2025-11-20 04:00:00,252.19892456637052,Commercial,7086,450
R3,2025-11-20 04:00:00,297.6006535857454,Residential,7624,400
R4,2025-11-20 04:00:00,139.46165706127275,Residential,4746,440
R1,2025-11-20 05:00:00,331.5475746283681,Residential,6781,300
R2,2025-11-20 05:00:00,101.69400894344474,Commercial,7086,450
R3,2025-11-20 05:00:00,93.26212080752931,Residential,7624,400
R4,2025-11-20 05:00:00,229.1319598742332,Residential,4746,440
R1,2025-11-20 06:00:00,165.8387876287921,Residential,6781,300
R2,2025-11-20 06:00:00,212.99270917663694,Commercial,7086,450
R3,2025-11-20 06:00:00,339.44738898860066,Residential,7624,400
R4,2025-11-20 06:00:00,293.7694408643654,Residential,4746,440
R1,2025-11-20 07:00:00,200.23340729112374,Residential,6781,300
R2,2025-11-20 07:00:00,339.911580651795,Commercial,7086,450
R3,2025-11-20 07:00:00,145.52377947839238,Residential,7624,400
R4,2025-11-20 07:00:00,301.05033725845556,Residential,4746,440
R1,2025-11-20 08:00:00,87.88917585636906,Residential,6781,300
R2,2025-11-20 08:00:00,172.86947090364833,Commercial,7086,450
R3,2025-11-20 08:00:00,364.15101654015456,Residential,7624,400
R4,2025-11-20 08:00:00,295.28359635949334,Residential,4746,440
R1,2025-11-20 09:00:00,395.5520853609088,Residential,6781,300
R2,2025-11-20 09:00:00,284.49525866339127,Commercial,7086,450
R3,2025-11-20 09:00:00,316.35430139064135,Residential,7624,400
R4,2025-11-20 09:00:00,281.01589683857094,Residential,4746,440
R1,2025-11-20 10:00:00,155.67227577333685,Residential,6781,300
R2,2025-11-20 10:00:00,215.1783034127155,Commercial,7086,450
R3,2025-11-20 10:00:00,357.48466691906094,Residential,7624,400
R4,2025-11-20 10:00:00,104.8818700257807,Residential,4746,440
R1,2025-11-20 11:00:00,361.9197280664992,Residential,6781,300
R2,2025-11-20 11:00:00,109.96203666084867,Commercial,7086,450
R3,2025-11-20 11:00:00,254.43702890190426,Residential,7624,400
R4,2025-11-20 11:00:00,319.158507934018,Residential,4746,440
R1,2025-11-20 12:00:00,114.62295947615289,Residential,6781,300
R2,2025-11-20 12:00:00,220.73037697887128,Commercial,7086,450
R3,2025-11-20 12:00:00,293.9456069105979,Residential,7624,400
R4,2025-11-20 12:00:00,395.6434670902798,Residential,4746,440
R1,2025-11-20 13:00:00,164.58293422878046,Residential,6781,300
R2,2025-11-20 13:00:00,351.8613157589782,Commercial,7086,450
R3,2025-11-20 13:00:00,375.6783776685642,Residential,7624,400
R4,2025-11-20 13:00:00,139.8553696351492,Residential,4746,440
R1,2025-11-20 14:00:00,152.94552596556085,Residential,6781,300
R2,2025-11-20 14:00:00,330.93503798149607,Commercial,7086,450
R3,2025-11-20 14:00:00,179.92925490070053,Residential,7624,400
R4,2025-11-20 14:00:00,336.1673051519845,Residential,4746,440
R1,2025-11-20 15:00:00,95.19697579074904,Residential,6781,300
R2,2025-11-20 15:00:00,284.7273512401849,Commercial,7086,450
R3,2025-11-20 15:00:00,156.18554446390414,Residential,7624,400
R4,2025-11-20 15:00:00,139.82104632973864,Residential,4746,440
R1,2025-11-20 16:00:00,112.01606347736401,Residential,6781,300
R2,2025-11-20 16:00:00,373.14025439631064,Commercial,7086,450
R3,2025-11-20 16:00:00,315.93191888146805,Residential,7624,400
R4,2025-11-20 16:00:00,310.0010337760849,Residential,4746,440
R1,2025-11-20 17:00:00,236.87807073013718,Residential,6781,300
R2,2025-11-20 17:00:00,174.02862868290833,Commercial,7086,450
R3,2025-11-20 17:00:00,353.2409732712039,Residential,7624,400
R4,2025-11-20 17:00:00,270.93313187300447,Residential,4746,440
R1,2025-11-20 18:00:00,279.7542232640567,Residential,6781,300
R2,2025-11-20 18:00:00,80.69103895969882,Commercial,7086,450
R3,2025-11-20 18:00:00,297.9825566279819,Residential,7624,400
R4,2025-11-20 18:00:00,394.20856208720517,Residential,4746,440
R1,2025-11-20 19:00:00,159.62133996931095,Residential,6781,300
R2,2025-11-20 19:00:00,83.5734186751225,Commercial,7086,450
R3,2025-11-20 19:00:00,360.76215021585824,Residential,7624,400
R4,2025-11-20 19:00:00,238.03132416743185,Residential,4746,440
R1,2025-11-20 20:00:00,388.6729174779112,Residential,6781,300
R2,2025-11-20 20:00:00,200.88672612434607,Commercial,7086,450
R3,2025-11-20 20:00:00,128.37730612245798,Residential,7624,400
R4,2025-11-20 20:00:00,100.04314088821246,Residential,4746,440
R1,2025-11-20 21:00:00,347.1944014119796,Residential,6781,300
R2,2025-11-20 21:00:00,182.8175717438847,Commercial,7086,450
R3,2025-11-20 21:00:00,241.6247230195745,Residential,7624,400
R4,2025-11-20 21:00:00,325.57465382071973,Residential,4746,440
R1,2025-11-20 22:00:00,176.2019933643575,Residential,6781,300
R2,2025-11-20 22:00:00,167.65095117980974,Commercial,7086,450
R3,2025-11-20 22:00:00,368.8688628216584,Residential,7624,400
R4,2025-11-20 22:00:00,115.25924964467262,Residential,4746,440
R1,2025-11-20 23:00:00,297.70424557522614,Residential,6781,300
R2,2025-11-20 23:00:00,257.4484721030402,Commercial,7086,450
R3,2025-11-20 23:00:00,296.6335979030139,Residential,7624,400
R4,2025-11-20 23:00:00,268.3198064694849,Residential,4746,440
R1,2025-11-21 00:00:00,82.03041397156092,Residential,6781,300
R2,2025-11-21 00:00:00,170.7809508861142,Commercial,7086,450
R3,2025-11-21 00:00:00,317.94854823349914,Residential,7624,400
R4,2025-11-21 00:00:00,198.1294522309474,Residential,4746,440
R1,2025-11-21 01:00:00,248.4575518542191,Residential,6781,300
R2,2025-11-21 01:00:00,282.7486135161665,Commercial,7086,450
R3,2025-11-21 01:00:00,277.7277092201926,Residential,7624,400
R4,2025-11-21 01:00:00,249.95008761594437,Residential,4746,440
R1,2025-11-21 02:00:00,203.05592534809577,Residential,6781,300
R2,2025-11-21 02:00:00,83.20249967618935,Commercial,7086,450
R3,2025-11-21 02:00:00,325.99802678860203,Residential,7624,400
R4,2025-11-21 02:00:00,205.796694817378,Residential,4746,440
R1,2025-11-21 03:00:00,360.39687152685036,Residential,6781,300
R2,2025-11-21 03:00:00,107.76771754077082,Commercial,7086,450
R3,2025-11-21 03:00:00,199.447316314628,Residential,7624,400
R4,2025-11-21 03:00:00,143.34901572655014,Residential,4746,440
R1,2025-11-21 04:00:00,186.04772800391086,Residential,6781,300
R2,2025-11-21 04:00:00,379.8342468493771,Commercial,7086,450
R3,2025-11-21 04:00:00,152.92620342017864,Residential,7624,400
R4,2025-11-21 04:00:00,312.5551682298438,Residential,4746,440
R1,2025-11-21 05:00:00,172.52613185584093,Residential,6781,300
R2,2025-11-21 05:00:00,149.45799896043067,Commercial,7086,450
R3,2025-11-21 05:00:00,253.77450678411222,Residential,7624,400
R4,2025-11-21 05:00:00,238.21910079390562,Residential,4746,440
R1,2025-11-21 06:00:00,244.52671839178373,Residential,6781,300
R2,2025-11-21 06:00:00,86.64701181894512,Commercial,7086,450
R3,2025-11-21 06:00:00,356.5593649836473,Residential,7624,400
R4,2025-11-21 06:00:00,367.43394267889244,Residential,4746,440
R1,2025-11-21 07:00:00,195.19681109703572,Residential,6781,300
R2,2025-11-21 07:00:00,136.93081639030498,Commercial,7086,450
R3,2025-11-21 07:00:00,220.86010813110192,Residential,7624,400
R4,2025-11-21 07:00:00,145.76626265809412,Residential,4746,440
R1,2025-11-21 08:00:00,326.58849658219026,Residential,6781,300
R2,2025-11-21 08:00:00,371.08597308666737,Commercial,7086,450
R3,2025-11-21 08:00:00,86.52224921522463,Residential,7624,400
R4,2025-11-21 08:00:00,260.5052804256173,Residential,4746,440
R1,2025-11-21 09:00:00,230.32938458209082,Residential,6781,300
R2,2025-11-21 09:00:00,286.1215525050472,Commercial,7086,450
R3,2025-11-21 09:00:00,348.0328113241596,Residential,7624,400
R4,2025-11-21 09:00:00,340.4486800316754,Residential,4746,440
R1,2025-11-21 10:00:00,86.74239363157096,Residential,6781,300
R2,2025-11-21 10:00:00,181.20005286110072,Commercial,7086,450
R3,2025-11-21 10:00:00,170.4650695493782,Residential,7624,400
R4,2025-11-21 10:00:00,139.9246425648425,Residential,4746,440
R1,2025-11-21 11:00:00,118.043539286933,Residential,6781,300
R2,2025-11-21 11:00:00,236.44002946400894,Commercial,7086,450
R3,2025-11-21 11:00:00,298.6623601368374,Residential,7624,400
R4,2025-11-21 11:00:00,314.74683910141846,Residential,4746,440
R1,2025-11-21 12:00:00,161.31557646912015,Residential,6781,300
R2,2025-11-21 12:00:00,378.1630072696218,Commercial,7086,450
R3,2025-11-21 12:00:00,197.21843328384801,Residential,7624,400
R4,2025-11-21 12:00:00,271.42270343719423,Residential,4746,440
R1,2025-11-21 13:00:00,391.5947810095583,Residential,6781,300
R2,2025-11-21 13:00:00,171.15552012042744,Commercial,7086,450
R3,2025-11-21 13:00:00,386.40147099100335,Residential,7624,400
R4,2025-11-21 13:00:00,97.71193099762279,Residential,4746,440
R1,2025-11-21 14:00:00,190.2939579492206,Residential,6781,300
R2,2025-11-21 14:00:00,185.44437411339246,Commercial,7086,450
R3,2025-11-21 14:00:00,239.64541401710576,Residential,7624,400
R4,2025-11-21 14:00:00,317.5354146090366,Residential,4746,440
R1,2025-11-21 15:00:00,389.6313313472318,Residential,6781,300
R2,2025-11-21 15:00:00,306.9212294694145,Commercial,7086,450
R3,2025-11-21 15:00:00,362.22700934799553,Residential,7624,400
R4,2025-11-21 15:00:00,324.26050321113496,Residential,4746,440
R1,2025-11-21 16:00:00,109.44029554093831,Residential,6781,300
R2,2025-11-21 16:00:00,301.72809387161726,Commercial,7086,450
R3,2025-11-21 16:00:00,296.51119677650104,Residential,7624,400
R4,2025-11-21 16:00:00,377.30671812008376,Residential,4746,440
R1,2025-11-21 17:00:00,315.1338648306467,Residential,6781,300
R2,2025-11-21 17:00:00,307.9239372901101,Commercial,7086,450
R3,2025-11-21 17:00:00,327.48902814411014,Residential,7624,400
R4,2025-11-21 17:00:00,335.3340651040896,Residential,4746,440
R1,2025-11-21 18:00:00,348.5794384328886,Residential,6781,300
R2,2025-11-21 18:00:00,172.58842626467782,Commercial,7086,450
R3,2025-11-21 18:00:00,224.3708662295553,Residential,7624,400
R4,2025-11-21 18:00:00,150.86031391821615,Residential,4746,440
R1,2025-11-21 19:00:00,246.6262574031922,Residential,6781,300
R2,2025-11-21 19:00:00,295.71842326895666,Commercial,7086,450
R3,2025-11-21 19:00:00,112.62010515204189,Residential,7624,400
R4,2025-11-21 19:00:00,380.5701186454654,Residential,4746,440
R1,2025-11-21 20:00:00,135.20328838233127,Residential,6781,300
R2,2025-11-21 20:00:00,275.6711254946515,Commercial,7086,450
R3,2025-11-21 20:00:00,300.52210379193457,Residential,7624,400
R4,2025-11-21 20:00:00,209.22111593561476,Residential,4746,440
R1,2025-11-21 21:00:00,381.67180886078376,Residential,6781,300
R2,2025-11-21 21:00:00,328.36409850242626,Commercial,7086,450
R3,2025-11-21 21:00:00,122.69095765163911,Residential,7624,400
R4,2025-11-21 21:00:00,283.4336353289409,Residential,4746,440
R1,2025-11-21 22:00:00,94.66313956284932,Residential,6781,300
R2,2025-11-21 22:00:00,224.74087888250966,Commercial,7086,450
R3,2025-11-21 22:00:00,137.49443593200525,Residential,7624,400
R4,2025-11-21 22:00:00,155.79794072529123,Residential,4746,440
R1,2025-11-21 23:00:00,232.41214378702833,Residential,6781,300
R2,2025-11-21 23:00:00,203.5683939286794,Commercial,7086,450
R3,2025-11-21 23:00:00,140.2706153127609,Residential,7624,400
R4,2025-11-21 23:00:00,358.04924500267083,Residential,4746,440
R1,2025-11-22 00:00:00,303.74795023795144,Residential,6781,300
R2,2025-11-22 00:00:00,97.38955104662196,Commercial,7086,450
R3,2025-11-22 00:00:00,202.80744915813585,Residential,7624,400
R4,2025-11-22 00:00:00,96.81780728957833,Residential,4746,440
R1,2025-11-22 01:00:00,363.100973373847,Residential,6781,300
R2,2025-11-22 01:00:00,80.32572075432864,Commercial,7086,450
R3,2025-11-22 01:00:00,330.86362818708426,Residential,7624,400
R4,2025-11-22 01:00:00,94.47575194773418,Residential,4746,440
R1,2025-11-22 02:00:00,225.0311657388492,Residential,6781,300
R2,2025-11-22 02:00:00,225.19632596148935,Commercial,7086,450
R3,2025-11-22 02:00:00,190.3830317555716,Residential,7624,400
R4,2025-11-22 02:00:00,300.9570596987467,Residential,4746,440
R1,2025-11-22 03:00:00,307.3692866657009,Residential,6781,300
R2,2025-11-22 03:00:00,349.6994627950587,Commercial,7086,450
R3,2025-11-22 03:00:00,103.63703338729096,Residential,7624,400
R4,2025-11-22 03:00:00,245.16742087851196,Residential,4746,440
R1,2025-11-22 04:00:00,129.43972640063478,Residential,6781,300
R2,2025-11-22 04:00:00,318.7153993362996,Commercial,7086,450
R3,2025-11-22 04:00:00,342.73583420536704,Residential,7624,400
R4,2025-11-22 04:00:00,340.31918626892445,Residential,4746,440
R1,2025-11-22 05:00:00,289.0548990943046,Residential,6781,300
R2,2025-11-22 05:00:00,345.7305448283499,Commercial,7086,450
R3,2025-11-22 05:00:00,110.42171885610493,Residential,7624,400
R4,2025-11-22 05:00:00,91.85478360021634,Residential,4746,440
R1,2025-11-22 06:00:00,369.69912471654317,Residential,6781,300
R2,2025-11-22 06:00:00,313.8952991424304,Commercial,7086,450
R3,2025-11-22 06:00:00,304.97324373703,Residential,7624,400
R4,2025-11-22 06:00:00,253.87686447671814,Residential,4746,440
R1,2025-11-22 07:00:00,131.5749730753602,Residential,6781,300
R2,2025-11-22 07:00:00,196.4626316051329,Commercial,7086,450
R3,2025-11-22 07:00:00,283.98356547534706,Residential,7624,400
R4,2025-11-22 07:00:00,111.59904618220217,Residential,4746,440
R1,2025-11-22 08:00:00,186.2639039982393,Residential,6781,300
R2,2025-11-22 08:00:00,116.46638597860789,Commercial,7086,450
R3,2025-11-22 08:00:00,117.19748271756998,Residential,7624,400
R4,2025-11-22 08:00:00,273.9114156613296,Residential,4746,440
R1,2025-11-22 09:00:00,113.28039629487523,Residential,6781,300
R2,2025-11-22 09:00:00,264.0165742823033,Commercial,7086,450
R3,2025-11-22 09:00:00,319.20265390932525,Residential,7624,400
R4,2025-11-22 09:00:00,365.0098465899037,Residential,4746,440
R1,2025-11-22 10:00:00,339.6741223885902,Residential,6781,300
R2,2025-11-22 10:00:00,293.1145106518159,Commercial,7086,450
R3,2025-11-22 10:00:00,223.09062419702033,Residential,7624,400
R4,2025-11-22 10:00:00,245.52737193815312,Residential,4746,440
R1,2025-11-22 11:00:00,155.00474399554523,Residential,6781,300
R2,2025-11-22 11:00:00,271.56609006126337,Commercial,7086,450
R3,2025-11-22 11:00:00,374.98100275593737,Residential,7624,400
R4,2025-11-22 11:00:00,233.72512959997243,Residential,4746,440
R1,2025-11-22 12:00:00,310.02119762456573,Residential,6781,300
R2,2025-11-22 12:00:00,304.7137389412927,Commercial,7086,450
R3,2025-11-22 12:00:00,289.9170741603669,Residential,7624,400
R4,2025-11-22 12:00:00,242.3278520411461,Residential,4746,440
R1,2025-11-22 13:00:00,146.74941118136599,Residential,6781,300
R2,2025-11-22 13:00:00,243.23232216306874,Commercial,7086,450
R3,2025-11-22 13:00:00,332.2390168522672,Residential,7624,400
R4,2025-11-22 13:00:00,315.39747529974005,Residential,4746,440
R1,2025-11-22 14:00:00,246.75012501296044,Residential,6781,300
R2,2025-11-22 14:00:00,392.0372648676494,Commercial,7086,450
R3,2025-11-22 14:00:00,161.48297716175512,Residential,7624,400
R4,2025-11-22 14:00:00,318.2232968095116,Residential,4746,440
R1,2025-11-22 15:00:00,132.06028378079242,Residential,6781,300
R2,2025-11-22 15:00:00,191.01066675674662,Commercial,7086,450
R3,2025-11-22 15:00:00,304.52010296250523,Residential,7624,400
R4,2025-11-22 15:00:00,235.72709394139392,Residential,4746,440
R1,2025-11-22 16:00:00,326.74925855020695,Residential,6781,300
R2,2025-11-22 16:00:00,101.65060702045889,Commercial,7086,450
R3,2025-11-22 16:00:00,115.63400972182322,Residential,7624,400
R4,2025-11-22 16:00:00,286.82387646227824,Residential,4746,440
R1,2025-11-22 17:00:00,370.8960034531974,Residential,6781,300
R2,2025-11-22 17:00:00,371.3807952476083,Commercial,7086,450
R3,2025-11-22 17:00:00,314.828942037163,Residential,7624,400
R4,2025-11-22 17:00:00,223.0181660096921,Residential,4746,440
R1,2025-11-22 18:00:00,308.80282262496297,Residential,6781,300
R2,2025-11-22 18:00:00,353.47624206922745,Commercial,7086,450
R3,2025-11-22 18:00:00,148.681469227797,Residential,7624,400
R4,2025-11-22 18:00:00,167.41248057845615,Residential,4746,440
R1,2025-11-22 19:00:00,329.90177900159387,Residential,6781,300
R2,2025-11-22 19:00:00,249.22632799738017,Commercial,7086,450
R3,2025-11-22 19:00:00,237.61627977284448,Residential,7624,400
R4,2025-11-22 19:00:00,183.9937545718129,Residential,4746,440
R1,2025-11-22 20:00:00,171.52262163057858,Residential,6781,300
R2,2025-11-22 20:00:00,270.1116171976464,Commercial,7086,450
R3,2025-11-22 20:00:00,97.69389511368836,Residential,7624,400
R4,2025-11-22 20:00:00,334.5445882128524,Residential,4746,440
R1,2025-11-22 21:00:00,394.0475396567292,Residential,6781,300
R2,2025-11-22 21:00:00,167.49455046179563,Commercial,7086,450
R3,2025-11-22 21:00:00,304.2780881556983,Residential,7624,400
R4,2025-11-22 21:00:00,141.5448541260235,Residential,4746,440
R1,2025-11-22 22:00:00,209.99943752256564,Residential,6781,300
R2,2025-11-22 22:00:00,115.0052428254817,Commercial,7086,450
R3,2025-11-22 22:00:00,376.53247372523884,Residential,7624,400
R4,2025-11-22 22:00:00,187.5120388484393,Residential,4746,440
R1,2025-11-22 23:00:00,294.8546972526226,Residential,6781,300
R2,2025-11-22 23:00:00,176.96320319868622,Commercial,7086,450
R3,2025-11-22 23:00:00,86.15724327306793,Residential,7624,400
R4,2025-11-22 23:00:00,238.696476391847,Residential,4746,440
R1,2025-11-23 00:00:00,373.01404836934546,Residential,6781,300
R2,2025-11-23 00:00:00,180.1392879734752,Commercial,7086,450
R3,2025-11-23 00:00:00,92.45749848723776,Residential,7624,400
R4,2025-11-23 00:00:00,172.0758696623049,Residential,4746,440
R1,2025-11-23 01:00:00,223.17533771253213,Residential,6781,300
R2,2025-11-23 01:00:00,246.20361931261368,Commercial,7086,450
R3,2025-11-23 01:00:00,312.73542361062243,Residential,7624,400
R4,2025-11-23 01:00:00,148.6914195314663,Residential,4746,440
R1,2025-11-23 02:00:00,180.05054572951718,Residential,6781,300
R2,2025-11-23 02:00:00,215.03142488883503,Commercial,7086,450
R3,2025-11-23 02:00:00,264.9695071765869,Residential,7624,400
R4,2025-11-23 02:00:00,256.3404748248166,Residential,4746,440
R1,2025-11-23 03:00:00,302.729068652754,Residential,6781,300
R2,2025-11-23 03:00:00,213.46738281305682,Commercial,7086,450
R3,2025-11-23 03:00:00,146.4013665801342,Residential,7624,400
R4,2025-11-23 03:00:00,353.27067520332065,Residential,4746,440
R1,2025-11-23 04:00:00,326.18118473011486,Residential,6781,300
R2,2025-11-23 04:00:00,220.1873199837603,Commercial,7086,450
R3,2025-11-23 04:00:00,382.7167356849943,Residential,7624,400
R4,2025-11-23 04:00:00,184.60913985628645,Residential,4746,440
R1,2025-11-23 05:00:00,367.5929615870158,Residential,6781,300
R2,2025-11-23 05:00:00,204.5623394978307,Commercial,7086,450
R3,2025-11-23 05:00:00,340.35590152389346,Residential,7624,400
R4,2025-11-23 05:00:00,165.98372657739014,Residential,4746,440
R1,2025-11-23 06:00:00,185.5512364758681,Residential,6781,300
R2,2025-11-23 06:00:00,188.4990392812948,Commercial,7086,450
R3,2025-11-23 06:00:00,213.91000688021705,Residential,7624,400
R4,2025-11-23 06:00:00,122.45752691638721,Residential,4746,440
R1,2025-11-23 07:00:00,172.6926463050669,Residential,6781,300
R2,2025-11-23 07:00:00,270.6248431968568,Commercial,7086,450
R3,2025-11-23 07:00:00,393.46394198264966,Residential,7624,400
R4,2025-11-23 07:00:00,249.48103300276654,Residential,4746,440
R1,2025-11-23 08:00:00,131.55723568593356,Residential,6781,300
R2,2025-11-23 08:00:00,220.60339513720194,Commercial,7086,450
R3,2025-11-23 08:00:00,285.8443918218532,Residential,7624,400
R4,2025-11-23 08:00:00,206.44753059988815,Residential,4746,440
R1,2025-11-23 09:00:00,213.70723707350518,Residential,6781,300
R2,2025-11-23 09:00:00,82.21964821564325,Commercial,7086,450
R3,2025-11-23 09:00:00,83.3560436279847,Residential,7624,400
R4,2025-11-23 09:00:00,128.45509876800634,Residential,4746,440
R1,2025-11-23 10:00:00,96.70575335854508,Residential,6781,300
R2,2025-11-23 10:00:00,97.37411993584755,Commercial,7086,450
R3,2025-11-23 10:00:00,142.83034074909747,Residential,7624,400
R4,2025-11-23 10:00:00,153.93328698663166,Residential,4746,440
R1,2025-11-23 11:00:00,132.76761852374796,Residential,6781,300
R2,2025-11-23 11:00:00,321.304518861214,Commercial,7086,450
R3,2025-11-23 11:00:00,313.55724223519803,Residential,7624,400
R4,2025-11-23 11:00:00,199.21344496270837,Residential,4746,440
R1,2025-11-23 12:00:00,338.0131708500345,Residential,6781,300
R2,2025-11-23 12:00:00,254.3860787397154,Commercial,7086,450
R3,2025-11-23 12:00:00,105.12382884488709,Residential,7624,400
R4,2025-11-23 12:00:00,257.11814421613644,Residential,4746,440
R1,2025-11-23 13:00:00,299.9228752949984,Residential,6781,300
R2,2025-11-23 13:00:00,115.9480244150263,Commercial,7086,450
R3,2025-11-23 13:00:00,350.34641367078814,Residential,7624,400
R4,2025-11-23 13:00:00,245.31476338987727,Residential,4746,440
R1,2025-11-23 14:00:00,85.37615933496102,Residential,6781,300
R2,2025-11-23 14:00:00,99.40625886062716,Commercial,7086,450
R3,2025-11-23 14:00:00,80.96843903748749,Residential,7624,400
R4,2025-11-23 14:00:00,234.41067834640637,Residential,4746,440
R1,2025-11-23 15:00:00,294.0398929521011,Residential,6781,300
R2,2025-11-23 15:00:00,274.229239503298,Commercial,7086,450
R3,2025-11-23 15:00:00,313.27084806939445,Residential,7624,400
R4,2025-11-23 15:00:00,229.14353598092765,Residential,4746,440
R1,2025-11-23 16:00:00,249.99396845319538,Residential,6781,300
R2,2025-11-23 16:00:00,114.84666934052434,Commercial,7086,450
R3,2025-11-23 16:00:00,278.9546971444182,Residential,7624,400
R4,2025-11-23 16:00:00,262.9906875516499,Residential,4746,440
R1,2025-11-23 17:00:00,138.5859039977886,Residential,6781,300
R2,2025-11-23 17:00:00,115.06818970140912,Commercial,7086,450
R3,2025-11-23 17:00:00,372.54277223080504,Residential,7624,400
R4,2025-11-23 17:00:00,271.22401842471993,Residential,4746,440
R1,2025-11-23 18:00:00,97.5391218115499,Residential,6781,300
R2,2025-11-23 18:00:00,378.6304299521079,Commercial,7086,450
R3,2025-11-23 18:00:00,240.24963374557106,Residential,7624,400
R4,2025-11-23 18:00:00,181.80681120919235,Residential,4746,440
R1,2025-11-23 19:00:00,215.85147644737816,Residential,6781,300
R2,2025-11-23 19:00:00,226.9476979900333,Commercial,7086,450
R3,2025-11-23 19:00:00,153.71032686212897,Residential,7624,400
R4,2025-11-23 19:00:00,354.59945336460567,Residential,4746,440
R1,2025-11-23 20:00:00,268.2030357459827,Residential,6781,300
R2,2025-11-23 20:00:00,125.31151214052412,Commercial,7086,450
R3,2025-11-23 20:00:00,272.9497564113187,Residential,7624,400
R4,2025-11-23 20:00:00,164.7338564462892,Residential,4746,440
R1,2025-11-23 21:00:00,197.76862524380337,Residential,6781,300
R2,2025-11-23 21:00:00,304.5478504224366,Commercial,7086,450
R3,2025-11-23 21:00:00,242.5439147976578,Residential,7624,400
R4,2025-11-23 21:00:00,323.8973983405937,Residential,4746,440
R1,2025-11-23 22:00:00,136.53968063536226,Residential,6781,300
R2,2025-11-23 22:00:00,340.608144941963,Commercial,7086,450
R3,2025-11-23 22:00:00,306.5024905684559,Residential,7624,400
R4,2025-11-23 22:00:00,98.67217943479514,Residential,4746,440
R1,2025-11-23 23:00:00,127.27796382843724,Residential,6781,300
R2,2025-11-23 23:00:00,114.36727205702873,Commercial,7086,450
R3,2025-11-23 23:00:00,264.9545654049532,Residential,7624,400
R4,2025-11-23 23:00:00,212.06824513590857,Residential,4746,440
R1,2025-11-24 00:00:00,354.47456986475913,Residential,6781,300
R2,2025-11-24 00:00:00,195.99898551792236,Commercial,7086,450
R3,2025-11-24 00:00:00,318.26912158266055,Residential,7624,400
R4,2025-11-24 00:00:00,160.24399610772167,Residential,4746,440
R1,2025-11-24 01:00:00,115.37530753330977,Residential,6781,300
R2,2025-11-24 01:00:00,122.46978143965016,Commercial,7086,450
R3,2025-11-24 01:00:00,88.74007913491678,Residential,7624,400
R4,2025-11-24 01:00:00,299.9563550212567,Residential,4746,440
R1,2025-11-24 02:00:00,329.47811540390154,Residential,6781,300
R2,2025-11-24 02:00:00,84.60091162144124,Commercial,7086,450
R3,2025-11-24 02:00:00,243.0150938390524,Residential,7624,400
R4,2025-11-24 02:00:00,386.4666275041865,Residential,4746,440
R1,2025-11-24 03:00:00,225.62291683063916,Residential,6781,300
R2,2025-11-24 03:00:00,197.38762138583837,Commercial,7086,450
R3,2025-11-24 03:00:00,393.4035442711123,Residential,7624,400
R4,2025-11-24 03:00:00,399.03709409860915,Residential,4746,440
R1,2025-11-24 04:00:00,142.02206323839164,Residential,6781,300
R2,2025-11-24 04:00:00,349.23389849637493,Commercial,7086,450
R3,2025-11-24 04:00:00,327.4304812688336,Residential,7624,400
R4,2025-11-24 04:00:00,374.0966629973617,Residential,4746,440
R1,2025-11-24 05:00:00,227.7023033179267,Residential,6781,300
R2,2025-11-24 05:00:00,308.10163462967336,Commercial,7086,450
R3,2025-11-24 05:00:00,365.23144848140646,Residential,7624,400
R4,2025-11-24 05:00:00,97.1981319766207,Residential,4746,440
R1,2025-11-24 06:00:00,237.02039784762587,Residential,6781,300
R2,2025-11-24 06:00:00,163.1723896461666,Commercial,7086,450
R3,2025-11-24 06:00:00,386.1567623098446,Residential,7624,400
R4,2025-11-24 06:00:00,100.19152087371293,Residential,4746,440
R1,2025-11-24 07:00:00,323.6141197773793,Residential,6781,300
R2,2025-11-24 07:00:00,389.8907038788478,Commercial,7086,450
R3,2025-11-24 07:00:00,381.9859510729349,Residential,7624,400
R4,2025-11-24 07:00:00,121.43032528128543,Residential,4746,440
R1,2025-11-24 08:00:00,337.2744976739509,Residential,6781,300
R2,2025-11-24 08:00:00,395.44480697354146,Commercial,7086,450
R3,2025-11-24 08:00:00,162.7009012162587,Residential,7624,400
R4,2025-11-24 08:00:00,221.68594630750476,Residential,4746,440
R1,2025-11-24 09:00:00,322.11465898836417,Residential,6781,300
R2,2025-11-24 09:00:00,222.7710216012435,Commercial,7086,450
R3,2025-11-24 09:00:00,224.283153026966,Residential,7624,400
R4,2025-11-24 09:00:00,92.16883738846616,Residential,4746,440
R1,2025-11-24 10:00:00,229.681899114387,Residential,6781,300
R2,2025-11-24 10:00:00,234.25458684086442,Commercial,7086,450
R3,2025-11-24 10:00:00,389.4971747620759,Residential,7624,400
R4,2025-11-24 10:00:00,396.9597749739352,Residential,4746,440
R1,2025-11-24 11:00:00,208.57974927883492,Residential,6781,300
R2,2025-11-24 11:00:00,270.52835527479675,Commercial,7086,450
R3,2025-11-24 11:00:00,338.101709610335,Residential,7624,400
R4,2025-11-24 11:00:00,126.83438146869474,Residential,4746,440
R1,2025-11-24 12:00:00,142.55587111029047,Residential,6781,300
R2,2025-11-24 12:00:00,251.32835859216868,Commercial,7086,450
R3,2025-11-24 12:00:00,335.1218247266252,Residential,7624,400
R4,2025-11-24 12:00:00,209.62830703569605,Residential,4746,440
R1,2025-11-24 13:00:00,161.4198904110309,Residential,6781,300
R2,2025-11-24 13:00:00,281.8437775037137,Commercial,7086,450
R3,2025-11-24 13:00:00,347.7619125715254,Residential,7624,400
R4,2025-11-24 13:00:00,180.87705636562737,Residential,4746,440
R1,2025-11-24 14:00:00,98.57107849494383,Residential,6781,300
R2,2025-11-24 14:00:00,234.63573756000986,Commercial,7086,450
R3,2025-11-24 14:00:00,86.23088087683288,Residential,7624,400
R4,2025-11-24 14:00:00,364.05008945601287,Residential,4746,440
R1,2025-11-24 15:00:00,129.29842666353733,Residential,6781,300
R2,2025-11-24 15:00:00,139.97463710394834,Commercial,7086,450
R3,2025-11-24 15:00:00,212.6762141347953,Residential,7624,400
R4,2025-11-24 15:00:00,179.48157883609068,Residential,4746,440
R1,2025-11-24 16:00:00,250.50997051929102,Residential,6781,300
R2,2025-11-24 16:00:00,250.29132089114864,Commercial,7086,450
R3,2025-11-24 16:00:00,118.23722223485177,Residential,7624,400
R4,2025-11-24 16:00:00,250.50385964815467,Residential,4746,440
R1,2025-11-24 17:00:00,246.80788491687892,Residential,6781,300
R2,2025-11-24 17:00:00,380.7778744813966,Commercial,7086,450
R3,2025-11-24 17:00:00,226.29655101621302,Residential,7624,400
R4,2025-11-24 17:00:00,201.0716639068536,Residential,4746,440
R1,2025-11-24 18:00:00,200.08274004042306,Residential,6781,300
R2,2025-11-24 18:00:00,250.19208012421754,Commercial,7086,450
R3,2025-11-24 18:00:00,147.64664765862275,Residential,7624,400
R4,2025-11-24 18:00:00,194.08422621538296,Residential,4746,440
R1,2025-11-24 19:00:00,310.5003748312739,Residential,6781,300
R2,2025-11-24 19:00:00,162.61541035418793,Commercial,7086,450
R3,2025-11-24 19:00:00,226.14662432823525,Residential,7624,400
R4,2025-11-24 19:00:00,332.45533442992587,Residential,4746,440
R1,2025-11-24 20:00:00,151.60756724110792,Residential,6781,300
R2,2025-11-24 20:00:00,268.9809595215555,Commercial,7086,450
R3,2025-11-24 20:00:00,119.13027816613234,Residential,7624,400
R4,2025-11-24 20:00:00,361.3421382126466,Residential,4746,440
R1,2025-11-24 21:00:00,113.37155649030258,Residential,6781,300
R2,2025-11-24 21:00:00,169.6416255362775,Commercial,7086,450
R3,2025-11-24 21:00:00,110.20196703218872,Residential,7624,400
R4,2025-11-24 21:00:00,225.0220074801352,Residential,4746,440
R1,2025-11-24 22:00:00,257.6645027288073,Residential,6781,300
R2,2025-11-24 22:00:00,109.19623230365382,Commercial,7086,450
R3,2025-11-24 22:00:00,153.42187228394624,Residential,7624,400
R4,2025-11-24 22:00:00,89.44936783663309,Residential,4746,440
R1,2025-11-24 23:00:00,323.196029897402,Residential,6781,300
R2,2025-11-24 23:00:00,291.08077100786943,Commercial,7086,450
R3,2025-11-24 23:00:00,172.81658259513182,Residential,7624,400
R4,2025-11-24 23:00:00,159.95421997284421,Residential,4746,440
R1,2025-11-25 00:00:00,293.94111654357687,Residential,6781,300
R2,2025-11-25 00:00:00,397.7076989560405,Commercial,7086,450
R3,2025-11-25 00:00:00,119.19839719973677,Residential,7624,400
R4,2025-11-25 00:00:00,210.92787919398165,Residential,4746,440
R1,2025-11-25 01:00:00,218.33862734799447,Residential,6781,300
R2,2025-11-25 01:00:00,375.51101590755025,Commercial,7086,450
R3,2025-11-25 01:00:00,230.53786653829218,Residential,7624,400
R4,2025-11-25 01:00:00,312.688463883368,Residential,4746,440
R1,2025-11-25 02:00:00,363.9137436151251,Residential,6781,300
R2,2025-11-25 02:00:00,238.41411090821583,Commercial,7086,450
R3,2025-11-25 02:00:00,226.18544502555338,Residential,7624,400
R4,2025-11-25 02:00:00,260.65654251391425,Residential,4746,440
R1,2025-11-25 03:00:00,229.19106132670024,Residential,6781,300
R2,2025-11-25 03:00:00,358.11537603438865,Commercial,7086,450
R3,2025-11-25 03:00:00,121.15587067864745,Residential,7624,400
R4,2025-11-25 03:00:00,155.54686682237812,Residential,4746,440
R1,2025-11-25 04:00:00,112.21904972717361,Residential,6781,300
R2,2025-11-25 04:00:00,354.9712357929927,Commercial,7086,450
R3,2025-11-25 04:00:00,257.02965948508677,Residential,7624,400
R4,2025-11-25 04:00:00,369.26426671718605,Residential,4746,440
R1,2025-11-25 05:00:00,203.7508059595473,Residential,6781,300
R2,2025-11-25 05:00:00,186.4656522967769,Commercial,7086,450
R3,2025-11-25 05:00:00,186.56687907829559,Residential,7624,400
R4,2025-11-25 05:00:00,244.26218268388493,Residential,4746,440
R1,2025-11-25 06:00:00,205.51611870540071,Residential,6781,300
R2,2025-11-25 06:00:00,364.3193128756974,Commercial,7086,450
R3,2025-11-25 06:00:00,333.17208226354387,Residential,7624,400
R4,2025-11-25 06:00:00,220.38701169144622,Residential,4746,440
R1,2025-11-25 07:00:00,276.13001570569827,Residential,6781,300
R2,2025-11-25 07:00:00,172.5148303939517,Commercial,7086,450
R3,2025-11-25 07:00:00,324.34937840715327,Residential,7624,400
R4,2025-11-25 07:00:00,385.9160446804521,Residential,4746,440
R1,2025-11-25 08:00:00,286.98074472358417,Residential,6781,300
R2,2025-11-25 08:00:00,390.0786689979338,Commercial,7086,450
R3,2025-11-25 08:00:00,177.46036950064655,Residential,7624,400
R4,2025-11-25 08:00:00,150.01697478343817,Residential,4746,440
R1,2025-11-25 09:00:00,187.06630800636944,Residential,6781,300
R2,2025-11-25 09:00:00,185.27471478801505,Commercial,7086,450
R3,2025-11-25 09:00:00,247.93689131794315,Residential,7624,400
R4,2025-11-25 09:00:00,162.86387784318725,Residential,4746,440
R1,2025-11-25 10:00:00,215.00325237737405,Residential,6781,300
R2,2025-11-25 10:00:00,371.90699266317444,Commercial,7086,450
R3,2025-11-25 10:00:00,122.41849315428328,Residential,7624,400
R4,2025-11-25 10:00:00,184.62651276124816,Residential,4746,440
R1,2025-11-25 11:00:00,90.35381525725874,Residential,6781,300
R2,2025-11-25 11:00:00,382.3768896899145,Commercial,7086,450
R3,2025-11-25 11:00:00,104.84561377097481,Residential,7624,400
R4,2025-11-25 11:00:00,137.8839781115189,Residential,4746,440
R1,2025-11-25 12:00:00,301.6338092810612,Residential,6781,300
R2,2025-11-25 12:00:00,347.02588667991193,Commercial,7086,450
R3,2025-11-25 12:00:00,160.1677945475728,Residential,7624,400
R4,2025-11-25 12:00:00,85.42501519983382,Residential,4746,440
R1,2025-11-25 13:00:00,237.80495713454144,Residential,6781,300
R2,2025-11-25 13:00:00,347.42754315741684,Commercial,7086,450
R3,2025-11-25 13:00:00,334.29199690937963,Residential,7624,400
R4,2025-11-25 13:00:00,90.97607019291715,Residential,4746,440
R1,2025-11-25 14:00:00,87.11530177681243,Residential,6781,300
R2,2025-11-25 14:00:00,332.0440293856957,Commercial,7086,450
R3,2025-11-25 14:00:00,214.4357221632468,Residential,7624,400
R4,2025-11-25 14:00:00,331.0542741166023,Residential,4746,440
R1,2025-11-25 15:00:00,287.85255516060363,Residential,6781,300
R2,2025-11-25 15:00:00,210.91058474033773,Commercial,7086,450
R3,2025-11-25 15:00:00,251.2221324904841,Residential,7624,400
R4,2025-11-25 15:00:00,87.83232297726322,Residential,4746,440
R1,2025-11-25 16:00:00,307.5810404846468,Residential,6781,300
R2,2025-11-25 16:00:00,145.29951489812106,Commercial,7086,450
R3,2025-11-25 16:00:00,165.89036195998023,Residential,7624,400
R4,2025-11-25 16:00:00,312.8210544658224,Residential,4746,440
R1,2025-11-25 17:00:00,109.5900576023453,Residential,6781,300
R2,2025-11-25 17:00:00,164.84034761795144,Commercial,7086,450
R3,2025-11-25 17:00:00,122.51318872476375,Residential,7624,400
R4,2025-11-25 17:00:00,333.11930417264665,Residential,4746,440
R1,2025-11-25 18:00:00,288.8910398642607,Residential,6781,300
R2,2025-11-25 18:00:00,103.7522738222713,Commercial,7086,450
R3,2025-11-25 18:00:00,228.13017803200455,Residential,7624,400
R4,2025-11-25 18:00:00,242.05649436394032,Residential,4746,440
R1,2025-11-25 19:00:00,395.4054952284573,Residential,6781,300
R2,2025-11-25 19:00:00,255.3473430114529,Commercial,7086,450
R3,2025-11-25 19:00:00,236.1684940991592,Residential,7624,400
R4,2025-11-25 19:00:00,245.45630249106046,Residential,4746,440
R1,2025-11-25 20:00:00,140.0141264872238,Residential,6781,300
R2,2025-11-25 20:00:00,215.68187295876027,Commercial,7086,450
R3,2025-11-25 20:00:00,300.8955253954452,Residential,7624,400
R4,2025-11-25 20:00:00,212.44602586299422,Residential,4746,440
R1,2025-11-25 21:00:00,110.21804672616614,Residential,6781,300
R2,2025-11-25 21:00:00,277.2492481303981,Commercial,7086,450
R3,2025-11-25 21:00:00,144.80326266745817,Residential,7624,400
R4,2025-11-25 21:00:00,198.6964366383947,Residential,4746,440
R1,2025-11-25 22:00:00,336.94437289552803,Residential,6781,300
R2,2025-11-25 22:00:00,344.0417562326758,Commercial,7086,450
R3,2025-11-25 22:00:00,224.25140583765997,Residential,7624,400
R4,2025-11-25 22:00:00,127.97317685326,Residential,4746,440
R1,2025-11-25 23:00:00,83.07911475393674,Residential,6781,300
R2,2025-11-25 23:00:00,255.8048658397662,Commercial,7086,450
R3,2025-11-25 23:00:00,298.6164244770914,Residential,7624,400
R4,2025-11-25 23:00:00,234.93972267181974,Residential,4746,440
R1,2025-11-26 00:00:00,251.6000362207509,Residential,6781,300
R2,2025-11-26 00:00:00,263.9241433299396,Commercial,7086,450
R3,2025-11-26 00:00:00,333.03919050149284,Residential,7624,400
R4,2025-11-26 00:00:00,278.75886929659544,Residential,4746,440
R1,2025-11-26 01:00:00,246.66365881624193,Residential,6781,300
R2,2025-11-26 01:00:00,178.93182289054974,Commercial,7086,450
R3,2025-11-26 01:00:00,315.59609933563195,Residential,7624,400
R4,2025-11-26 01:00:00,95.21042877619429,Residential,4746,440
R1,2025-11-26 02:00:00,193.36209081861347,Residential,6781,300
R2,2025-11-26 02:00:00,256.4303028333484,Commercial,7086,450
R3,2025-11-26 02:00:00,115.81335309035445,Residential,7624,400
R4,2025-11-26 02:00:00,384.8197817881378,Residential,4746,440
R1,2025-11-26 03:00:00,104.92992743936192,Residential,6781,300
R2,2025-11-26 03:00:00,175.34546962091332,Commercial,7086,450
R3,2025-11-26 03:00:00,163.67580646111742,Residential,7624,400
R4,2025-11-26 03:00:00,132.5705721906488,Residential,4746,440
R1,2025-11-26 04:00:00,349.4748903308672,Residential,6781,300
R2,2025-11-26 04:00:00,222.25906747320036,Commercial,7086,450
R3,2025-11-26 04:00:00,228.71078993028402,Residential,7624,400
R4,2025-11-26 04:00:00,185.5512523413391,Residential,4746,440
R1,2025-11-26 05:00:00,104.33049124387075,Residential,6781,300
R2,2025-11-26 05:00:00,394.73612957790243,Commercial,7086,450
R3,2025-11-26 05:00:00,93.42889654922178,Residential,7624,400
R4,2025-11-26 05:00:00,386.6348518180066,Residential,4746,440
R1,2025-11-26 06:00:00,307.49494374853015,Residential,6781,300
R2,2025-11-26 06:00:00,98.8702217016403,Commercial,7086,450
R3,2025-11-26 06:00:00,97.80163930200953,Residential,7624,400
R4,2025-11-26 06:00:00,286.3814433268754,Residential,4746,440
R1,2025-11-26 07:00:00,363.54564102629706,Residential,6781,300
R2,2025-11-26 07:00:00,204.76426506948596,Commercial,7086,450
R3,2025-11-26 07:00:00,198.19476178859964,Residential,7624,400
R4,2025-11-26 07:00:00,289.15391055312807,Residential,4746,440
R1,2025-11-26 08:00:00,329.63396485978876,Residential,6781,300
R2,2025-11-26 08:00:00,240.48329750540768,Commercial,7086,450
R3,2025-11-26 08:00:00,162.69653122000992,Residential,7624,400
R4,2025-11-26 08:00:00,104.81960968112571,Residential,4746,440
R1,2025-11-26 09:00:00,128.0192386459617,Residential,6781,300
R2,2025-11-26 09:00:00,158.72305562091842,Commercial,7086,450
R3,2025-11-26 09:00:00,160.11254016640004,Residential,7624,400
R4,2025-11-26 09:00:00,113.483750979006,Residential,4746,440
R1,2025-11-26 10:00:00,159.93426450557962,Residential,6781,300
R2,2025-11-26 10:00:00,94.1730231403989,Commercial,7086,450
R3,2025-11-26 10:00:00,399.73448098469413,Residential,7624,400
R4,2025-11-26 10:00:00,346.150017993306,Residential,4746,440
R1,2025-11-26 11:00:00,226.18751775996515,Residential,6781,300
R2,2025-11-26 11:00:00,362.2737774570739,Commercial,7086,450
R3,2025-11-26 11:00:00,264.8672364839774,Residential,7624,400
R4,2025-11-26 11:00:00,193.8864262591212,Residential,4746,440
R1,2025-11-26 12:00:00,238.34441946436473,Residential,6781,300
R2,2025-11-26 12:00:00,302.87747447520223,Commercial,7086,450
R3,2025-11-26 12:00:00,170.51715433524953,Residential,7624,400
R4,2025-11-26 12:00:00,384.83540558822733,Residential,4746,440
R1,2025-11-26 13:00:00,277.50460016988745,Residential,6781,300
R2,2025-11-26 13:00:00,304.22653965541497,Commercial,7086,450
R3,2025-11-26 13:00:00,256.58043791981305,Residential,7624,400
R4,2025-11-26 13:00:00,172.2240001576031,Residential,4746,440
R1,2025-11-26 14:00:00,354.1451227417539,Residential,6781,300
R2,2025-11-26 14:00:00,293.7799608582793,Commercial,7086,450
R3,2025-11-26 14:00:00,259.5448615853852,Residential,7624,400
R4,2025-11-26 14:00:00,345.5307999815171,Residential,4746,440
R1,2025-11-26 15:00:00,281.54042695567176,Residential,6781,300
R2,2025-11-26 15:00:00,389.92855643779325,Commercial,7086,450
R3,2025-11-26 15:00:00,137.56296555255207,Residential,7624,400
R4,2025-11-26 15:00:00,105.52156225477262,Residential,4746,440
R1,2025-11-26 16:00:00,360.04284640042806,Residential,6781,300
R2,2025-11-26 16:00:00,162.3846887347456,Commercial,7086,450
R3,2025-11-26 16:00:00,394.86518536128324,Residential,7624,400
R4,2025-11-26 16:00:00,192.42318915446194,Residential,4746,440
R1,2025-11-26 17:00:00,137.9337814128419,Residential,6781,300
R2,2025-11-26 17:00:00,293.12308946576036,Commercial,7086,450
R3,2025-11-26 17:00:00,167.375945561931,Residential,7624,400
R4,2025-11-26 17:00:00,149.4960144079954,Residential,4746,440
R1,2025-11-26 18:00:00,115.60133798386985,Residential,6781,300
R2,2025-11-26 18:00:00,175.91855343416586,Commercial,7086,450
R3,2025-11-26 18:00:00,218.46364622442042,Residential,7624,400
R4,2025-11-26 18:00:00,213.08676576099396,Residential,4746,440
R1,2025-11-26 19:00:00,351.94476601250216,Residential,6781,300
R2,2025-11-26 19:00:00,308.96004247714274,Commercial,7086,450
R3,2025-11-26 19:00:00,264.67794095358727,Residential,7624,400
R4,2025-11-26 19:00:00,396.9494445224694,Residential,4746,440
R1,2025-11-26 20:00:00,251.4566397209743,Residential,6781,300
R2,2025-11-26 20:00:00,129.9429465223604,Commercial,7086,450
R3,2025-11-26 20:00:00,305.03062862334616,Residential,7624,400
R4,2025-11-26 20:00:00,355.8085285984272,Residential,4746,440
R1,2025-11-26 21:00:00,200.1367825750171,Residential,6781,300
R2,2025-11-26 21:00:00,265.1525072391462,Commercial,7086,450
R3,2025-11-26 21:00:00,265.701140791729,Residential,7624,400
R4,2025-11-26 21:00:00,267.7871589299294,Residential,4746,440
R1,2025-11-26 22:00:00,119.5022647061289,Residential,6781,300
R2,2025-11-26 22:00:00,320.2821875224753,Commercial,7086,450
R3,2025-11-26 22:00:00,110.4980402212707,Residential,7624,400
R4,2025-11-26 22:00:00,216.56389961213424,Residential,4746,440
R1,2025-11-26 23:00:00,82.10901994094321,Residential,6781,300
R2,2025-11-26 23:00:00,186.81236253682883,Commercial,7086,450
R3,2025-11-26 23:00:00,348.0090604533336,Residential,7624,400
R4,2025-11-26 23:00:00,386.39898737941854,Residential,4746,440
R1,2025-11-27 00:00:00,123.51624846816134,Residential,6781,300
R2,2025-11-27 00:00:00,396.71495848461973,Commercial,7086,450
R3,2025-11-27 00:00:00,354.2315000817155,Residential,7624,400
R4,2025-11-27 00:00:00,212.36774497478962,Residential,4746,440
R1,2025-11-27 01:00:00,129.73182843148354,Residential,6781,300
R2,2025-11-27 01:00:00,322.5851162007117,Commercial,7086,450
R3,2025-11-27 01:00:00,370.31121735847296,Residential,7624,400
R4,2025-11-27 01:00:00,229.60075750571335,Residential,4746,440
R1,2025-11-27 02:00:00,163.88991475634313,Residential,6781,300
R2,2025-11-27 02:00:00,247.56158124430172,Commercial,7086,450
R3,2025-11-27 02:00:00,125.29885396275364,Residential,7624,400
R4,2025-11-27 02:00:00,284.83926917168174,Residential,4746,440
R1,2025-11-27 03:00:00,201.42913166308182,Residential,6781,300
R2,2025-11-27 03:00:00,385.188130640711,Commercial,7086,450
R3,2025-11-27 03:00:00,212.6033575734439,Residential,7624,400
R4,2025-11-27 03:00:00,166.5307252558067,Residential,4746,440
R1,2025-11-27 04:00:00,288.4954685312829,Residential,6781,300
R2,2025-11-27 04:00:00,311.61429106999026,Commercial,7086,450
R3,2025-11-27 04:00:00,155.0521827588311,Residential,7624,400
R4,2025-11-27 04:00:00,359.47966689244873,Residential,4746,440
R1,2025-11-27 05:00:00,225.2257183720294,Residential,6781,300
R2,2025-11-27 05:00:00,129.20690769644395,Commercial,7086,450
R3,2025-11-27 05:00:00,155.0043636670128,Residential,7624,400
R4,2025-11-27 05:00:00,189.58622261004692,Residential,4746,440
R1,2025-11-27 06:00:00,395.69874025052906,Residential,6781,300
R2,2025-11-27 06:00:00,373.8831883285159,Commercial,7086,450
R3,2025-11-27 06:00:00,193.03808506676546,Residential,7624,400
R4,2025-11-27 06:00:00,126.09517357647985,Residential,4746,440
R1,2025-11-27 07:00:00,92.7166559960369,Residential,6781,300
R2,2025-11-27 07:00:00,202.80818446934686,Commercial,7086,450
R3,2025-11-27 07:00:00,180.4090307738706,Residential,7624,400
R4,2025-11-27 07:00:00,382.3145122826481,Residential,4746,440
R1,2025-11-27 08:00:00,305.24974129754366,Residential,6781,300
R2,2025-11-27 08:00:00,197.31757157476818,Commercial,7086,450
R3,2025-11-27 08:00:00,228.6566566274037,Residential,7624,400
R4,2025-11-27 08:00:00,307.32410762511563,Residential,4746,440
R1,2025-11-27 09:00:00,224.0475156504128,Residential,6781,300
R2,2025-11-27 09:00:00,124.71918756731206,Commercial,7086,450
R3,2025-11-27 09:00:00,348.5147801077762,Residential,7624,400
R4,2025-11-27 09:00:00,396.5661541977853,Residential,4746,440
R1,2025-11-27 10:00:00,224.97511149034196,Residential,6781,300
R2,2025-11-27 10:00:00,270.121051509661,Commercial,7086,450
R3,2025-11-27 10:00:00,341.52499436143466,Residential,7624,400
R4,2025-11-27 10:00:00,161.19323719263616,Residential,4746,440
R1,2025-11-27 11:00:00,377.33675594597975,Residential,6781,300
R2,2025-11-27 11:00:00,259.5204408175847,Commercial,7086,450
R3,2025-11-27 11:00:00,197.33749216809233,Residential,7624,400
R4,2025-11-27 11:00:00,253.95423648324822,Residential,4746,440
R1,2025-11-27 12:00:00,213.10216892468915,Residential,6781,300
R2,2025-11-27 12:00:00,166.19075995467685,Commercial,7086,450
R3,2025-11-27 12:00:00,322.92840329118155,Residential,7624,400
R4,2025-11-27 12:00:00,90.05197976580288,Residential,4746,440
R1,2025-11-27 13:00:00,273.8108599799027,Residential,6781,300
R2,2025-11-27 13:00:00,225.01217135969324,Commercial,7086,450
R3,2025-11-27 13:00:00,85.06370179649832,Residential,7624,400
R4,2025-11-27 13:00:00,371.9256893137555,Residential,4746,440
R1,2025-11-27 14:00:00,135.46632398729008,Residential,6781,300
R2,2025-11-27 14:00:00,190.75399486365254,Commercial,7086,450
R3,2025-11-27 14:00:00,155.51793164769467,Residential,7624,400
R4,2025-11-27 14:00:00,288.67975299113994,Residential,4746,440
R1,2025-11-27 15:00:00,295.22657851578606,Residential,6781,300
R2,2025-11-27 15:00:00,98.12831432126863,Commercial,7086,450
R3,2025-11-27 15:00:00,396.457523288586,Residential,7624,400
R4,2025-11-27 15:00:00,329.34087504749357,Residential,4746,440
R1,2025-11-27 16:00:00,181.26614480270635,Residential,6781,300
R2,2025-11-27 16:00:00,153.5447106283989,Commercial,7086,450
R3,2025-11-27 16:00:00,387.55743282361243,Residential,7624,400
R4,2025-11-27 16:00:00,327.31778421470045,Residential,4746,440
R1,2025-11-27 17:00:00,370.51611553820254,Residential,6781,300
R2,2025-11-27 17:00:00,139.53098537364153,Commercial,7086,450
R3,2025-11-27 17:00:00,137.81075206025835,Residential,7624,400
R4,2025-11-27 17:00:00,174.78145290797062,Residential,4746,440
R1,2025-11-27 18:00:00,270.360978744672,Residential,6781,300
R2,2025-11-27 18:00:00,285.1459803030015,Commercial,7086,450
R3,2025-11-27 18:00:00,209.79388972505944,Residential,7624,400
R4,2025-11-27 18:00:00,117.10185663384874,Residential,4746,440
R1,2025-11-27 19:00:00,391.95739019560517,Residential,6781,300
R2,2025-11-27 19:00:00,141.71786187938378,Commercial,7086,450
R3,2025-11-27 19:00:00,343.1754988001155,Residential,7624,400
R4,2025-11-27 19:00:00,136.94531452018694,Residential,4746,440
R1,2025-11-27 20:00:00,141.5061409872477,Residential,6781,300
R2,2025-11-27 20:00:00,228.8214066303106,Commercial,7086,450
R3,2025-11-27 20:00:00,189.98872596147066,Residential,7624,400
R4,2025-11-27 20:00:00,182.65248769120416,Residential,4746,440
R1,2025-11-27 21:00:00,117.43242381854631,Residential,6781,300
R2,2025-11-27 21:00:00,335.41958427835635,Commercial,7086,450
R3,2025-11-27 21:00:00,268.25491521753816,Residential,7624,400
R4,2025-11-27 21:00:00,187.416355303467,Residential,4746,440
R1,2025-11-27 22:00:00,321.8155843611186,Residential,6781,300
R2,2025-11-27 22:00:00,322.7528993884565,Commercial,7086,450
R3,2025-11-27 22:00:00,238.27674204426543,Residential,7624,400
R4,2025-11-27 22:00:00,329.4888409084407,Residential,4746,440
R1,2025-11-27 23:00:00,208.2862999208806,Residential,6781,300
R2,2025-11-27 23:00:00,182.40561815677398,Commercial,7086,450
R3,2025-11-27 23:00:00,207.61603724690164,Residential,7624,400
R4,2025-11-27 23:00:00,131.48861284818076,Residential,4746,440
R1,2025-11-28 00:00:00,89.96343804183155,Residential,6781,300
R2,2025-11-28 00:00:00,220.67234113011506,Commercial,7086,450
R3,2025-11-28 00:00:00,331.96518659093795,Residential,7624,400
R4,2025-11-28 00:00:00,100.67552169983259,Residential,4746,440
