region_id,timestamp,energy_consumption,building_type,population_density,historical_peak
R1,2025-12-01 00:00:00,249.96971495030178,Residential,6781,300
R2,2025-12-01 00:00:00,240.96042507190316,Commercial,7086,450
R3,2025-12-01 00:00:00,140.23544498565482,Residential,7624,400
R4,2025-12-01 00:00:00,272.95353113516546,Residential,4746,440
R1,2025-12-01 01:00:00,377.3899880441285,Residential,6781,300
R2,2025-12-01 01:00:00,275.68765923228733,Commercial,7086,450
R3,2025-12-01 01:00:00,213.5959006281118,Residential,7624,400
R4,2025-12-01 01:00:00,125.03925490619515,Residential,4746,440
R1,2025-12-01 02:00:00,271.90590754743124,Residential,6781,300
R2,2025-12-01 02:00:00,364.94251544658346,Commercial,7086,450
R3,2025-12-01 02:00:00,214.843350776121,Residential,7624,400
R4,2025-12-01 02:00:00,239.93866874687964,Residential,4746,440
R1,2025-12-01 03:00:00,358.2547447374277,Residential,6781,300
R2,2025-12-01 03:00:00,286.7574427835079,Commercial,7086,450
R3,2025-12-01 03:00:00,178.05225469301945,Residential,7624,400
R4,2025-12-01 03:00:00,148.89710284521257,Residential,4746,440
R1,2025-12-01 04:00:00,338.8960874262605,Residential,6781,300
R2,2025-12-01 04:00:00,183.54556518521036,Commercial,7086,450
R3,2025-12-01 04:00:00,182.38475611061438,Residential,7624,400
R4,2025-12-01 04:00:00,389.4899937400606,Residential,4746,440
R1,2025-12-01 05:00:00,154.5838137947187,Residential,6781,300
R2,2025-12-01 05:00:00,355.0867154339999,Commercial,7086,450
R3,2025-12-01 05:00:00,170.06350456209478,Residential,7624,400
R4,2025-12-01 05:00:00,195.03836740414638,Residential,4746,440
R1,2025-12-01 06:00:00,207.4103013348468,Residential,6781,300
R2,2025-12-01 06:00:00,315.9274686824642,Commercial,7086,450
R3,2025-12-01 06:00:00,188.39658636680457,Residential,7624,400
R4,2025-12-01 06:00:00,143.33456733421116,Residential,4746,440
R1,2025-12-01 07:00:00,100.30843266708533,Residential,6781,300
R2,2025-12-01 07:00:00,220.80411358544802,Commercial,7086,450
R3,2025-12-01 07:00:00,347.81151730308585,Residential,7624,400
R4,2025-12-01 07:00:00,215.62405932090257,Residential,4746,440
R1,2025-12-01 08:00:00,159.99876128842132,Residential,6781,300
R2,2025-12-01 08:00:00,291.3793858304656,Commercial,7086,450
R3,2025-12-01 08:00:00,115.77967377272142,Residential,7624,400
R4,2025-12-01 08:00:00,378.44106864770424,Residential,4746,440
R1,2025-12-01 09:00:00,282.35211018327925,Residential,6781,300
R2,2025-12-01 09:00:00,136.41123537758614,Commercial,7086,450
R3,2025-12-01 09:00:00,222.55504283910977,Residential,7624,400
R4,2025-12-01 09:00:00,238.4377520511801,Residential,4746,440
R1,2025-12-01 10:00:00,87.0725837134119,Residential,6781,300
R2,2025-12-01 10:00:00,147.728754421979,Commercial,7086,450
R3,2025-12-01 10:00:00,376.140579213759,Residential,7624,400
R4,2025-12-01 10:00:00,379.80582608400476,Residential,4746,440
R1,2025-12-01 11:00:00,184.51108563439152,Residential,6781,300
R2,2025-12-01 11:00:00,374.04571580439244,Commercial,7086,450
R3,2025-12-01 11:00:00,204.61754307173214,Residential,7624,400
R4,2025-12-01 11:00:00,376.17530630917133,Residential,4746,440
R1,2025-12-01 12:00:00,323.81663156265347,Residential,6781,300
R2,2025-12-01 12:00:00,93.19390275437303,Commercial,7086,450
R3,2025-12-01 12:00:00,88.20826611917252,Residential,7624,400
R4,2025-12-01 12:00:00,155.10244391765963,Residential,4746,440
R1,2025-12-01 13:00:00,231.0646668022926,Residential,6781,300
R2,2025-12-01 13:00:00,344.70224453494905,Commercial,7086,450
R3,2025-12-01 13:00:00,213.96820103662432,Residential,7624,400
R4,2025-12-01 13:00:00,289.70645634867515,Residential,4746,440
R1,2025-12-01 14:00:00,340.65896748648686,Residential,6781,300
R2,2025-12-01 14:00:00,81.30610663806834,Commercial,7086,450
R3,2025-12-01 14:00:00,144.64894264026873,Residential,7624,400
R4,2025-12-01 14:00:00,392.5998636205452,Residential,4746,440
R1,2025-12-01 15:00:00,310.9689954997557,Residential,6781,300
R2,2025-12-01 15:00:00,290.22071517429015,Commercial,7086,450
R3,2025-12-01 15:00:00,290.0191948518525,Residential,7624,400
R4,2025-12-01 15:00:00,325.9864639368735,Residential,4746,440
R1,2025-12-01 16:00:00,360.69225580079564,Residential,6781,300
R2,2025-12-01 16:00:00,345.1884495349462,Commercial,7086,450
R3,2025-12-01 16:00:00,305.562884847669,Residential,7624,400
R4,2025-12-01 16:00:00,213.15948872111434,Residential,4746,440
R1,2025-12-01 17:00:00,308.4052213313265,Residential,6781,300
R2,2025-12-01 17:00:00,161.5707589338919,Commercial,7086,450
R3,2025-12-01 17:00:00,91.4283360469511,Residential,7624,400
R4,2025-12-01 17:00:00,132.99750449312756,Residential,4746,440
R1,2025-12-01 18:00:00,287.66301414038696,Residential,6781,300
R2,2025-12-01 18:00:00,91.71649269679861,Commercial,7086,450
R3,2025-12-01 18:00:00,247.21608221586968,Residential,7624,400
R4,2025-12-01 18:00:00,184.6619235268958,Residential,4746,440
R1,2025-12-01 19:00:00,152.5271716021432,Residential,6781,300
R2,2025-12-01 19:00:00,103.63223233328983,Commercial,7086,450
R3,2025-12-01 19:00:00,88.62540585730592,Residential,7624,400
R4,2025-12-01 19:00:00,191.87507868761503,Residential,4746,440
R1,2025-12-01 20:00:00,109.84999366793869,Residential,6781,300
R2,2025-12-01 20:00:00,198.38388858288562,Commercial,7086,450
R3,2025-12-01 20:00:00,162.08616651226322,Residential,7624,400
R4,2025-12-01 20:00:00,177.98146027459111,Residential,4746,440
R1,2025-12-01 21:00:00,332.98646504340763,Residential,6781,300
R2,2025-12-01 21:00:00,362.38451685515264,Commercial,7086,450
R3,2025-12-01 21:00:00,280.4262346849272,Residential,7624,400
R4,2025-12-01 21:00:00,129.16089128655656,Residential,4746,440
R1,2025-12-01 22:00:00,261.40401499882955,Residential,6781,300
R2,2025-12-01 22:00:00,357.90798928627765,Commercial,7086,450
R3,2025-12-01 22:00:00,264.176293934032,Residential,7624,400
R4,2025-12-01 22:00:00,153.2531970663456,Residential,4746,440
R1,2025-12-01 23:00:00,307.83479218600576,Residential,6781,300
R2,2025-12-01 23:00:00,129.5711531221158,Commercial,7086,450
R3,2025-12-01 23:00:00,85.80688188708453,Residential,7624,400
R4,2025-12-01 23:00:00,250.38476917082022,Residential,4746,440
R1,2025-12-02 00:00:00,391.65510828144596,Residential,6781,300
R2,2025-12-02 00:00:00,332.3918364745318,Commercial,7086,450
R3,2025-12-02 00:00:00,190.70233646963464,Residential,7624,400
R4,2025-12-02 00:00:00,199.79982970831898,Residential,4746,440
R1,2025-12-02 01:00:00,301.05524313621106,Residential,6781,300
R2,2025-12-02 01:00:00,222.51046808345853,Commercial,7086,450
R3,2025-12-02 01:00:00,142.06721829245322,Residential,7624,400
R4,2025-12-02 01:00:00,171.76441842933338,Residential,4746,440
R1,2025-12-02 02:00:00,135.4255930196031,Residential,6781,300
R2,2025-12-02 02:00:00,373.2657192024377,Commercial,7086,450
R3,2025-12-02 02:00:00,147.46376080915425,Residential,7624,400
R4,2025-12-02 02:00:00,171.72464086768673,Residential,4746,440
R1,2025-12-02 03:00:00,109.42007019610472,Residential,6781,300
R2,2025-12-02 03:00:00,313.02970413170215,Commercial,7086,450
R3,2025-12-02 03:00:00,242.67964158404578,Residential,7624,400
R4,2025-12-02 03:00:00,294.32685316711786,Residential,4746,440
R1,2025-12-02 04:00:00,399.5232017819766,Residential,6781,300
R2,2025-12-02 04:00:00,114.91622823447507,Commercial,7086,450
R3,2025-12-02 04:00:00,291.0843528604611,Residential,7624,400
R4,2025-12-02 04:00:00,225.79045317229418,Residential,4746,440
R1,2025-12-02 05:00:00,297.3881079011779,Residential,6781,300
R2,2025-12-02 05:00:00,273.6386150581502,Commercial,7086,450
R3,2025-12-02 05:00:00,161.6561563696105,Residential,7624,400
R4,2025-12-02 05:00:00,153.41638353485664,Residential,4746,440
R1,2025-12-02 06:00:00,138.3243934767185,Residential,6781,300
R2,2025-12-02 06:00:00,170.5888989438165,Commercial,7086,450
R3,2025-12-02 06:00:00,398.34491236703354,Residential,7624,400
R4,2025-12-02 06:00:00,305.05453141473254,Residential,4746,440
R1,2025-12-02 07:00:00,316.26797711528366,Residential,6781,300
R2,2025-12-02 07:00:00,242.05873212900235,Commercial,7086,450
R3,2025-12-02 07:00:00,320.08291789243117,Residential,7624,400
R4,2025-12-02 07:00:00,120.358158367373,Residential,4746,440
R1,2025-12-02 08:00:00,344.5670453085421,Residential,6781,300
R2,2025-12-02 08:00:00,270.74264639474285,Commercial,7086,450
R3,2025-12-02 08:00:00,253.1117694541881,Residential,7624,400
R4,2025-12-02 08:00:00,118.59592131435139,Residential,4746,440
R1,2025-12-02 09:00:00,315.9519847715927,Residential,6781,300
R2,2025-12-02 09:00:00,389.21554275670155,Commercial,7086,450
R3,2025-12-02 09:00:00,253.38430236596975,Residential,7624,400
R4,2025-12-02 09:00:00,166.3055989582979,Residential,4746,440
R1,2025-12-02 10:00:00,375.73031530084734,Residential,6781,300
R2,2025-12-02 10:00:00,206.20113517064127,Commercial,7086,450
R3,2025-12-02 10:00:00,367.68844828134763,Residential,7624,400
R4,2025-12-02 10:00:00,147.9304194740444,Residential,4746,440
R1,2025-12-02 11:00:00,273.0528332758121,Residential,6781,300
R2,2025-12-02 11:00:00,106.00913134037614,Commercial,7086,450
R3,2025-12-02 11:00:00,189.52621328239815,Residential,7624,400
R4,2025-12-02 11:00:00,296.4820589737643,Residential,4746,440
R1,2025-12-02 12:00:00,231.58732363419432,Residential,6781,300
R2,2025-12-02 12:00:00,185.83942711066942,Commercial,7086,450
R3,2025-12-02 12:00:00,271.61986170105877,Residential,7624,400
R4,2025-12-02 12:00:00,281.7767103386325,Residential,4746,440
R1,2025-12-02 13:00:00,133.69754738989815,Residential,6781,300
R2,2025-12-02 13:00:00,94.54258465601107,Commercial,7086,450
R3,2025-12-02 13:00:00,156.0924623011578,Residential,7624,400
R4,2025-12-02 13:00:00,174.5008857014024,Residential,4746,440
R1,2025-12-02 14:00:00,290.3786824840489,Residential,6781,300
R2,2025-12-02 14:00:00,388.0331971378197,Commercial,7086,450
R3,2025-12-02 14:00:00,392.90805045383337,Residential,7624,400
R4,2025-12-02 14:00:00,205.7724360900778,Residential,4746,440
R1,2025-12-02 15:00:00,290.74195030151486,Residential,6781,300
R2,2025-12-02 15:00:00,265.0401844635046,Commercial,7086,450
R3,2025-12-02 15:00:00,346.6890364578672,Residential,7624,400
R4,2025-12-02 15:00:00,306.1005791696344,Residential,4746,440
R1,2025-12-02 16:00:00,398.9713869749266,Residential,6781,300
R2,2025-12-02 16:00:00,298.70590581713236,Commercial,7086,450
R3,2025-12-02 16:00:00,379.11198445086745,Residential,7624,400
R4,2025-12-02 16:00:00,167.3394141531934,Residential,4746,440
R1,2025-12-02 17:00:00,235.77690343788603,Residential,6781,300
R2,2025-12-02 17:00:00,315.32468220667965,Commercial,7086,450
R3,2025-12-02 17:00:00,165.00517292767148,Residential,7624,400
R4,2025-12-02 17:00:00,228.11127332035983,Residential,4746,440
R1,2025-12-02 18:00:00,352.18117286822945,Residential,6781,300
R2,2025-12-02 18:00:00,325.16034461122496,Commercial,7086,450
R3,2025-12-02 18:00:00,102.30535010648379,Residential,7624,400
R4,2025-12-02 18:00:00,177.26243497690245,Residential,4746,440
R1,2025-12-02 19:00:00,391.7343119745923,Residential,6781,300
R2,2025-12-02 19:00:00,247.12608261722204,Commercial,7086,450
R3,2025-12-02 19:00:00,275.5871765281214,Residential,7624,400
R4,2025-12-02 19:00:00,118.75864556461127,Residential,4746,440
R1,2025-12-02 20:00:00,242.7508462159238,Residential,6781,300
R2,2025-12-02 20:00:00,347.17154026083625,Commercial,7086,450
R3,2025-12-02 20:00:00,350.465985201894,Residential,7624,400
R4,2025-12-02 20:00:00,213.32288821290558,Residential,4746,440
R1,2025-12-02 21:00:00,394.8209006269119,Residential,6781,300
R2,2025-12-02 21:00:00,144.9616129754135,Commercial,7086,450
R3,2025-12-02 21:00:00,284.75745856618323,Residential,7624,400
R4,2025-12-02 21:00:00,173.62499003969108,Residential,4746,440
R1,2025-12-02 22:00:00,382.8151626689748,Residential,6781,300
R2,2025-12-02 22:00:00,107.82711681709645,Commercial,7086,450
R3,2025-12-02 22:00:00,265.14224484710155,Residential,7624,400
R4,2025-12-02 22:00:00,270.22811390152526,Residential,4746,440
R1,2025-12-02 23:00:00,310.3259324404819,Residential,6781,300
R2,2025-12-02 23:00:00,139.54532409715083,Commercial,7086,450
R3,2025-12-02 23:00:00,138.33624845059674,Residential,7624,400
R4,2025-12-02 23:00:00,316.7353902875716,Residential,4746,440
R1,2025-12-03 00:00:00,229.69303309578382,Residential,6781,300
R2,2025-12-03 00:00:00,127.69553382794757,Commercial,7086,450
R3,2025-12-03 00:00:00,102.26847846498679,Residential,7624,400
R4,2025-12-03 00:00:00,187.65519185702385,Residential,4746,440
R1,2025-12-03 01:00:00,382.53189566563725,Residential,6781,300
R2,2025-12-03 01:00:00,224.56047695396762,Commercial,7086,450
R3,2025-12-03 01:00:00,357.5725343577874,Residential,7624,400
R4,2025-12-03 01:00:00,99.50856806251292,Residential,4746,440
R1,2025-12-03 02:00:00,320.277885111774,Residential,6781,300
R2,2025-12-03 02:00:00,332.8028349682653,Commercial,7086,450
R3,2025-12-03 02:00:00,266.320204944712,Residential,7624,400
R4,2025-12-03 02:00:00,184.5608260011382,Residential,4746,440
R1,2025-12-03 03:00:00,191.87730403640361,Residential,6781,300
R2,2025-12-03 03:00:00,329.11965065325876,Commercial,7086,450
R3,2025-12-03 03:00:00,108.68866465098637,Residential,7624,400
R4,2025-12-03 03:00:00,298.40143916071867,Residential,4746,440
R1,2025-12-03 04:00:00,321.1233361491249,Residential,6781,300
R2,2025-12-03 04:00:00,385.020712681978,Commercial,7086,450
R3,2025-12-03 04:00:00,162.96318818456717,Residential,7624,400
R4,2025-12-03 04:00:00,109.07441096998419,Residential,4746,440
R1,2025-12-03 05:00:00,130.15975596555916,Residential,6781,300
R2,2025-12-03 05:00:00,175.22817173203575,Commercial,7086,450
R3,2025-12-03 05:00:00,129.58749828039853,Residential,7624,400
R4,2025-12-03 05:00:00,351.5405995783505,Residential,4746,440
R1,2025-12-03 06:00:00,320.5443490284994,Residential,6781,300
R2,2025-12-03 06:00:00,338.48425029115316,Commercial,7086,450
R3,2025-12-03 06:00:00,86.80695321775964,Residential,7624,400
R4,2025-12-03 06:00:00,254.1595036986271,Residential,4746,440
R1,2025-12-03 07:00:00,118.48543079861852,Residential,6781,300
R2,2025-12-03 07:00:00,110.64099965551321,Commercial,7086,450
R3,2025-12-03 07:00:00,187.72852349729106,Residential,7624,400
R4,2025-12-03 07:00:00,171.31599195297554,Residential,4746,440
R1,2025-12-03 08:00:00,286.4858643184089,Residential,6781,300
R2,2025-12-03 08:00:00,186.76607183493962,Commercial,7086,450
R3,2025-12-03 08:00:00,343.3480595326856,Residential,7624,400
R4,2025-12-03 08:00:00,115.77225771459794,Residential,4746,440
R1,2025-12-03 09:00:00,213.26365373977367,Residential,6781,300
R2,2025-12-03 09:00:00,162.99486905039907,Commercial,7086,450
R3,2025-12-03 09:00:00,129.59500235653314,Residential,7624,400
R4,2025-12-03 09:00:00,303.941942653956,Residential,4746,440
R1,2025-12-03 10:00:00,218.33004325709769,Residential,6781,300
R2,2025-12-03 10:00:00,385.9091786333057,Commercial,7086,450
R3,2025-12-03 10:00:00,163.09665571073538,Residential,7624,400
R4,2025-12-03 10:00:00,220.43642619086197,Residential,4746,440
R1,2025-12-03 11:00:00,172.53000645948168,Residential,6781,300
R2,2025-12-03 11:00:00,282.14302361062823,Commercial,7086,450
R3,2025-12-03 11:00:00,122.52461227547553,Residential,7624,400
R4,2025-12-03 11:00:00,247.56584618607064,Residential,4746,440
R1,2025-12-03 12:00:00,86.3434069032779,Residential,6781,300
R2,2025-12-03 12:00:00,359.5132127616524,Commercial,7086,450
R3,2025-12-03 12:00:00,192.18500895616722,Residential,7624,400
R4,2025-12-03 12:00:00,100.21526511849942,Residential,4746,440
R1,2025-12-03 13:00:00,297.5346048500768,Residential,6781,300
R2,2025-12-03 13:00:00,147.97845893248007,Commercial,7086,450
R3,2025-12-03 13:00:00,89.600584544967,Residential,7624,400
R4,2025-12-03 13:00:00,242.4135708735576,Residential,4746,440
R1,2025-12-03 14:00:00,292.32148306251315,Residential,6781,300
R2,2025-12-03 14:00:00,300.33651183440946,Commercial,7086,450
R3,2025-12-03 14:00:00,133.71682623919187,Residential,7624,400
R4,2025-12-03 14:00:00,113.63345405823459,Residential,4746,440
R1,2025-12-03 15:00:00,311.3775919596908,Residential,6781,300
R2,2025-12-03 15:00:00,135.95655597857896,Commercial,7086,450
R3,2025-12-03 15:00:00,255.17174411608778,Residential,7624,400
R4,2025-12-03 15:00:00,195.1196259269454,Residential,4746,440
R1,2025-12-03 16:00:00,243.20583724812022,Residential,6781,300
R2,2025-12-03 16:00:00,376.37254392701414,Commercial,7086,450
R3,2025-12-03 16:00:00,375.5989597111871,Residential,7624,400
R4,2025-12-03 16:00:00,317.3925771674459,Residential,4746,440
R1,2025-12-03 17:00:00,277.1790024722716,Residential,6781,300
R2,2025-12-03 17:00:00,199.5367291028933,Commercial,7086,450
R3,2025-12-03 17:00:00,325.5624834357292,Residential,7624,400
R4,2025-12-03 17:00:00,271.6975298831573,Residential,4746,440
R1,2025-12-03 18:00:00,315.45932462942784,Residential,6781,300
R2,2025-12-03 18:00:00,162.78512999619565,Commercial,7086,450
R3,2025-12-03 18:00:00,151.04220189395392,Residential,7624,400
R4,2025-12-03 18:00:00,230.30063326928558,Residential,4746,440
R1,2025-12-03 19:00:00,241.70381359150096,Residential,6781,300
R2,2025-12-03 19:00:00,161.01886252648413,Commercial,7086,450
R3,2025-12-03 19:00:00,310.3802805201516,Residential,7624,400
R4,2025-12-03 19:00:00,239.11163787408827,Residential,4746,440
R1,2025-12-03 20:00:00,208.8920773387491,Residential,6781,300
R2,2025-12-03 20:00:00,183.03559453511807,Commercial,7086,450
R3,2025-12-03 20:00:00,167.37335751607316,Residential,7624,400
R4,2025-12-03 20:00:00,120.5954883695203,Residential,4746,440
R1,2025-12-03 21:00:00,129.12373627124782,Residential,6781,300
R2,2025-12-03 21:00:00,366.43010251075737,Commercial,7086,450
R3,2025-12-03 21:00:00,215.66126177722902,Residential,7624,400
R4,2025-12-03 21:00:00,232.50258579030404,Residential,4746,440
R1,2025-12-03 22:00:00,336.8714767995956,Residential,6781,300
R2,2025-12-03 22:00:00,390.8557682596136,Commercial,7086,450
R3,2025-12-03 22:00:00,202.33634328287127,Residential,7624,400
R4,2025-12-03 22:00:00,277.52525942521436,Residential,4746,440
R1,2025-12-03 23:00:00,153.40557598314416,Residential,6781,300
R2,2025-12-03 23:00:00,262.653099178831,Commercial,7086,450
R3,2025-12-03 23:00:00,346.69980581931725,Residential,7624,400
R4,2025-12-03 23:00:00,349.685213574168,Residential,4746,440
R1,2025-12-04 00:00:00,99.93266611223916,Residential,6781,300
R2,2025-12-04 00:00:00,385.3982986592073,Commercial,7086,450
R3,2025-12-04 00:00:00,289.26998288246705,Residential,7624,400
R4,2025-12-04 00:00:00,338.1180583549584,Residential,4746,440
R1,2025-12-04 01:00:00,299.3974200847162,Residential,6781,300
R2,2025-12-04 01:00:00,392.4016903091208,Commercial,7086,450
R3,2025-12-04 01:00:00,107.88833898384593,Residential,7624,400
R4,2025-12-04 01:00:00,270.29655632509724,Residential,4746,440
R1,2025-12-04 02:00:00,390.6930178492254,Residential,6781,300
R2,2025-12-04 02:00:00,228.1482491815334,Commercial,7086,450
R3,2025-12-04 02:00:00,197.56752672037496,Residential,7624,400
R4,2025-12-04 02:00:00,83.03380650820841,Residential,4746,440
R1,2025-12-04 03:00:00,280.34551837946515,Residential,6781,300
R2,2025-12-04 03:00:00,152.60635022650266,Commercial,7086,450
R3,2025-12-04 03:00:00,98.28673248611591,Residential,7624,400
R4,2025-12-04 03:00:00,267.47428046519497,Residential,4746,440
R1,2025-12-04 04:00:00,189.92255376267704,Residential,6781,300
R2,2025-12-04 04:00:00,349.5041539347215,Commercial,7086,450
R3,2025-12-04 04:00:00,205.68614226548783,Residential,7624,400
R4,2025-12-04 04:00:00,320.8829346647758,Residential,4746,440
R1,2025-12-04 05:00:00,187.3462143670278,Residential,6781,300
R2,2025-12-04 05:00:00,234.88239587567162,Commercial,7086,450
R3,2025-12-04 05:00:00,222.91307975781757,Residential,7624,400
R4,2025-12-04 05:00:00,250.39422290791637,Residential,4746,440
R1,2025-12-04 06:00:00,288.9831099629186,Residential,6781,300
R2,2025-12-04 06:00:00,87.25129765164141,Commercial,7086,450
R3,2025-12-04 06:00:00,154.41901107378055,Residential,7624,400
R4,2025-12-04 06:00:00,320.0371592068513,Residential,4746,440
R1,2025-12-04 07:00:00,99.21084100495935,Residential,6781,300
R2,2025-12-04 07:00:00,375.04487319744965,Commercial,7086,450
R3,2025-12-04 07:00:00,129.30636122608232,Residential,7624,400
R4,2025-12-04 07:00:00,88.5143094710553,Residential,4746,440
R1,2025-12-04 08:00:00,85.97349125410605,Residential,6781,300
R2,2025-12-04 08:00:00,185.20358733888852,Commercial,7086,450
R3,2025-12-04 08:00:00,109.24929842363082,Residential,7624,400
R4,2025-12-04 08:00:00,154.6507450437623,Residential,4746,440
R1,2025-12-04 09:00:00,220.0951117133374,Residential,6781,300
R2,2025-12-04 09:00:00,260.8280398413458,Commercial,7086,450
R3,2025-12-04 09:00:00,155.71537934102057,Residential,7624,400
R4,2025-12-04 09:00:00,264.054807896228,Residential,4746,440
R1,2025-12-04 10:00:00,282.11716007924576,Residential,6781,300
R2,2025-12-04 10:00:00,149.2952986783033,Commercial,7086,450
R3,2025-12-04 10:00:00,302.69310328330243,Residential,7624,400
R4,2025-12-04 10:00:00,374.379899097252,Residential,4746,440
R1,2025-12-04 11:00:00,144.83335774325087,Residential,6781,300
R2,2025-12-04 11:00:00,162.91352469016482,Commercial,7086,450
R3,2025-12-04 11:00:00,207.55477737171137,Residential,7624,400
R4,2025-12-04 11:00:00,346.829807865029,Residential,4746,440
R1,2025-12-04 12:00:00,266.30765585184236,Residential,6781,300
R2,2025-12-04 12:00:00,343.0511037246463,Commercial,7086,450
R3,2025-12-04 12:00:00,219.75438221974642,Residential,7624,400
R4,2025-12-04 12:00:00,255.32542156546324,Residential,4746,440
R1,2025-12-04 13:00:00,268.16480394268314,Residential,6781,300
R2,2025-12-04 13:00:00,394.7529765639855,Commercial,7086,450
R3,2025-12-04 13:00:00,88.30318562992503,Residential,7624,400
R4,2025-12-04 13:00:00,164.73509551302692,Residential,4746,440
R1,2025-12-04 14:00:00,101.85811508304442,Residential,6781,300
R2,2025-12-04 14:00:00,389.0655985759856,Commercial,7086,450
R3,2025-12-04 14:00:00,234.729401530324,Residential,7624,400
R4,2025-12-04 14:00:00,217.67008607908593,Residential,4746,440
R1,2025-12-04 15:00:00,387.38886627248115,Residential,6781,300
R2,2025-12-04 15:00:00,235.31550779505005,Commercial,7086,450
R3,2025-12-04 15:00:00,287.59342281056695,Residential,7624,400
R4,2025-12-04 15:00:00,262.8722863040514,Residential,4746,440
R1,2025-12-04 16:00:00,273.04880777657564,Residential,6781,300
R2,2025-12-04 16:00:00,366.5544112075468,Commercial,7086,450
R3,2025-12-04 16:00:00,353.7366162277001,Residential,7624,400
R4,2025-12-04 16:00:00,330.53322519493656,Residential,4746,440
R1,2025-12-04 17:00:00,295.51606188686554,Residential,6781,300
R2,2025-12-04 17:00:00,266.8943006719525,Commercial,7086,450
R3,2025-12-04 17:00:00,167.8769202468747,Residential,7624,400
R4,2025-12-04 17:00:00,84.80732397327372,Residential,4746,440
R1,2025-12-04 18:00:00,345.6213995732243,Residential,6781,300
R2,2025-12-04 18:00:00,285.9873507433,Commercial,7086,450
R3,2025-12-04 18:00:00,127.31452951165217,Residential,7624,400
R4,2025-12-04 18:00:00,171.87784339095796,Residential,4746,440
R1,2025-12-04 19:00:00,227.36177127059307,Residential,6781,300
R2,2025-12-04 19:00:00,146.7925491521347,Commercial,7086,450
R3,2025-12-04 19:00:00,286.0027711984434,Residential,7624,400
R4,2025-12-04 19:00:00,94.49378891591056,Residential,4746,440
R1,2025-12-04 20:00:00,325.33822897765094,Residential,6781,300
R2,2025-12-04 20:00:00,323.56827150260983,Commercial,7086,450
R3,2025-12-04 20:00:00,173.16917923157686,Residential,7624,400
R4,2025-12-04 20:00:00,146.4611146045052,Residential,4746,440
R1,2025-12-04 21:00:00,353.50947659516675,Residential,6781,300
R2,2025-12-04 21:00:00,280.03361919681504,Commercial,7086,450
R3,2025-12-04 21:00:00,130.55935414843407,Residential,7624,400
R4,2025-12-04 21:00:00,153.2181809313947,Residential,4746,440
R1,2025-12-04 22:00:00,305.0600871554829,Residential,6781,300
R2,2025-12-04 22:00:00,253.51863475507508,Commercial,7086,450
R3,2025-12-04 22:00:00,315.5421098419609,Residential,7624,400
R4,2025-12-04 22:00:00,225.64251615943223,Residential,4746,440
R1,2025-12-04 23:00:00,209.10369770757802,Residential,6781,300
R2,2025-12-04 23:00:00,397.6091425564646,Commercial,7086,450
R3,2025-12-04 23:00:00,299.2944443886097,Residential,7624,400
R4,2025-12-04 23:00:00,358.18592929361864,Residential,4746,440
R1,2025-12-05 00:00:00,114.79673847255427,Residential,6781,300
R2,2025-12-05 00:00:00,324.48720793630093,Commercial,7086,450
R3,2025-12-05 00:00:00,354.02114434092897,Residential,7624,400
R4,2025-12-05 00:00:00,299.2370847526796,Residential,4746,440
R1,2025-12-05 01:00:00,128.65227751803528,Residential,6781,300
R2,2025-12-05 01:00:00,140.53989871072258,Commercial,7086,450
R3,2025-12-05 01:00:00,123.09932414343876,Residential,7624,400
R4,2025-12-05 01:00:00,127.47947883403822,Residential,4746,440
R1,2025-12-05 02:00:00,128.16919500913377,Residential,6781,300
R2,2025-12-05 02:00:00,266.4081459467501,Commercial,7086,450
R3,2025-12-05 02:00:00,382.7664537222391,Residential,7624,400
R4,2025-12-05 02:00:00,135.70039832337113,Residential,4746,440
R1,2025-12-05 03:00:00,307.1743941745205,Residential,6781,300
R2,2025-12-05 03:00:00,302.317171688191,Commercial,7086,450
R3,2025-12-05 03:00:00,274.8000724379692,Residential,7624,400
R4,2025-12-05 03:00:00,312.72918705875213,Residential,4746,440
R1,2025-12-05 04:00:00,207.02304813876097,Residential,6781,300
R2,2025-12-05 04:00:00,328.5921666992488,Commercial,7086,450
R3,2025-12-05 04:00:00,299.2532663252524,Residential,7624,400
R4,2025-12-05 04:00:00,343.81920621401616,Residential,4746,440
R1,2025-12-05 05:00:00,383.9012621114248,Residential,6781,300
R2,2025-12-05 05:00:00,329.8033178242547,Commercial,7086,450
R3,2025-12-05 05:00:00,196.88778835902843,Residential,7624,400
R4,2025-12-05 05:00:00,391.7506562229847,Residential,4746,440
R1,2025-12-05 06:00:00,234.53688290879887,Residential,6781,300
R2,2025-12-05 06:00:00,123.83867399836461,Commercial,7086,450
R3,2025-12-05 06:00:00,399.4105580060022,Residential,7624,400
R4,2025-12-05 06:00:00,169.02967693965522,Residential,4746,440
R1,2025-12-05 07:00:00,233.9637595228284,Residential,6781,300
R2,2025-12-05 07:00:00,313.99159462802174,Commercial,7086,450
R3,2025-12-05 07:00:00,228.8214149763478,Residential,7624,400
R4,2025-12-05 07:00:00,222.63311795498853,Residential,4746,440
R1,2025-12-05 08:00:00,358.6288562423337,Residential,6781,300
R2,2025-12-05 08:00:00,374.37414476534343,Commercial,7086,450
R3,2025-12-05 08:00:00,381.56242973000724,Residential,7624,400
R4,2025-12-05 08:00:00,300.84995926704636,Residential,4746,440
R1,2025-12-05 09:00:00,388.1644994953738,Residential,6781,300
R2,2025-12-05 09:00:00,150.91640553152686,Commercial,7086,450
R3,2025-12-05 09:00:00,358.56096406320097,Residential,7624,400
R4,2025-12-05 09:00:00,399.82780236445683,Residential,4746,440
R1,2025-12-05 10:00:00,353.5578683117136,Residential,6781,300
R2,2025-12-05 10:00:00,217.1132660522866,Commercial,7086,450
R3,2025-12-05 10:00:00,93.33844760536263,Residential,7624,400
R4,2025-12-05 10:00:00,83.41422656880653,Residential,4746,440
R1,2025-12-05 11:00:00,170.73887062270677,Residential,6781,300
R2,2025-12-05 11:00:00,136.9962452672468,Commercial,7086,450
R3,2025-12-05 11:00:00,102.5498776321825,Residential,7624,400
R4,2025-12-05 11:00:00,260.28510232937884,Residential,4746,440
R1,2025-12-05 12:00:00,237.91268799753738,Residential,6781,300
R2,2025-12-05 12:00:00,347.0313232097005,Commercial,7086,450
R3,2025-12-05 12:00:00,380.07123538890335,Residential,7624,400
R4,2025-12-05 12:00:00,289.5531899637796,Residential,4746,440
R1,2025-12-05 13:00:00,315.09906811809526,Residential,6781,300
R2,2025-12-05 13:00:00,159.60302970367184,Commercial,7086,450
R3,2025-12-05 13:00:00,370.68051340417196,Residential,7624,400
R4,2025-12-05 13:00:00,219.8757279440198,Residential,4746,440
R1,2025-12-05 14:00:00,321.69786887641044,Residential,6781,300
R2,2025-12-05 14:00:00,338.5931312172411,Commercial,7086,450
R3,2025-12-05 14:00:00,118.4824818918564,Residential,7624,400
R4,2025-12-05 14:00:00,186.25784896496697,Residential,4746,440
R1,2025-12-05 15:00:00,325.1912281518989,Residential,6781,300
R2,2025-12-05 15:00:00,379.6852206239877,Commercial,7086,450
R3,2025-12-05 15:00:00,278.4211731808441,Residential,7624,400
R4,2025-12-05 15:00:00,292.3894930756008,Residential,4746,440
R1,2025-12-05 16:00:00,358.24152574812564,Residential,6781,300
R2,2025-12-05 16:00:00,84.22510238666547,Commercial,7086,450
R3,2025-12-05 16:00:00,262.6831747773509,Residential,7624,400
R4,2025-12-05 16:00:00,122.19649117320678,Residential,4746,440
R1,2025-12-05 17:00:00,388.15527663686464,Residential,6781,300
R2,2025-12-05 17:00:00,384.41191583135674,Commercial,7086,450
R3,2025-12-05 17:00:00,156.5906748294625,Residential,7624,400
R4,2025-12-05 17:00:00,391.91905963712935,Residential,4746,440
R1,2025-12-05 18:00:00,304.0493412804432,Residential,6781,300
R2,2025-12-05 18:00:00,280.2313606296641,Commercial,7086,450
R3,2025-12-05 18:00:00,261.17908712685664,Residential,7624,400
R4,2025-12-05 18:00:00,272.5769543918975,Residential,4746,440
R1,2025-12-05 19:00:00,358.1714387939488,Residential,6781,300
R2,2025-12-05 19:00:00,155.84549397875503,Commercial,7086,450
R3,2025-12-05 19:00:00,243.8628397814224,Residential,7624,400
R4,2025-12-05 19:00:00,390.89633066344464,Residential,4746,440
R1,2025-12-05 20:00:00,247.86446949688587,Residential,6781,300
R2,2025-12-05 20:00:00,145.388508189832,Commercial,7086,450
R3,2025-12-05 20:00:00,83.02273219256598,Residential,7624,400
R4,2025-12-05 20:00:00,85.78981358555058,Residential,4746,440
R1,2025-12-05 21:00:00,369.53462059705413,Residential,6781,300
R2,2025-12-05 21:00:00,129.1763524431427,Commercial,7086,450
R3,2025-12-05 21:00:00,202.86346867840615,Residential,7624,400
R4,2025-12-05 21:00:00,277.0277446994216,Residential,4746,440
R1,2025-12-05 22:00:00,142.32473527454883,Residential,6781,300
R2,2025-12-05 22:00:00,250.72823878377125,Commercial,7086,450
R3,2025-12-05 22:00:00,198.41576118299577,Residential,7624,400
R4,2025-12-05 22:00:00,148.43586628889193,Residential,4746,440
R1,2025-12-05 23:00:00,253.63847171239885,Residential,6781,300
R2,2025-12-05 23:00:00,368.8157580164176,Commercial,7086,450
R3,2025-12-05 23:00:00,396.9727872171973,Residential,7624,400
R4,2025-12-05 23:00:00,328.0460346558216,Residential,4746,440
R1,2025-12-06 00:00:00,347.4046213162903,Residential,6781,300
R2,2025-12-06 00:00:00,323.09749708830145,Commercial,7086,450
R3,2025-12-06 00:00:00,226.92081309876798,Residential,7624,400
R4,2025-12-06 00:00:00,353.51058443560066,Residential,4746,440
R1,2025-12-06 01:00:00,112.24463531599483,Residential,6781,300
R2,2025-12-06 01:00:00,386.5649989766383,Commercial,7086,450
R3,2025-12-06 01:00:00,140.39864345999834,Residential,7624,400
R4,2025-12-06 01:00:00,241.34285968868954,Residential,4746,440
R1,2025-12-06 02:00:00,201.25873764508495,Residential,6781,300
R2,2025-12-06 02:00:00,303.153373656907,Commercial,7086,450
R3,2025-12-06 02:00:00,231.07762766647892,Residential,7624,400
R4,2025-12-06 02:00:00,339.7492555989624,Residential,4746,440
R1,2025-12-06 03:00:00,134.74183734120794,Residential,6781,300
R2,2025-12-06 03:00:00,294.2375382333218,Commercial,7086,450
R3,2025-12-06 03:00:00,128.1874000460516,Residential,7624,400
R4,2025-12-06 03:00:00,80.38450557449121,Residential,4746,440
R1,2025-12-06 04:00:00,82.20013764431133,Residential,6781,300
R2,2025-12-06 04:00:00,331.56382794950684,Commercial,7086,450
R3,2025-12-06 04:00:00,113.70341412962546,Residential,7624,400
R4,2025-12-06 04:00:00,260.09583542057464,Residential,4746,440
R1,2025-12-06 05:00:00,305.3467920712754,Residential,6781,300
R2,2025-12-06 05:00:00,255.21117716047374,Commercial,7086,450
R3,2025-12-06 05:00:00,250.7571978156339,Residential,7624,400
R4,2025-12-06 05:00:00,168.6023640512315,Residential,4746,440
R1,2025-12-06 06:00:00,94.26765844836734,Residential,6781,300
R2,2025-12-06 06:00:00,87.12119220478985,Commercial,7086,450
R3,2025-12-06 06:00:00,259.68243525632954,Residential,7624,400
R4,2025-12-06 06:00:00,330.15404785961283,Residential,4746,440
R1,2025-12-06 07:00:00,240.0733396854524,Residential,6781,300
R2,2025-12-06 07:00:00,118.73389819041869,Commercial,7086,450
R3,2025-12-06 07:00:00,355.384812986611,Residential,7624,400
R4,2025-12-06 07:00:00,345.8658386571981,Residential,4746,440
R1,2025-12-06 08:00:00,196.1373491989192,Residential,6781,300
R2,2025-12-06 08:00:00,391.444752096973,Commercial,7086,450
R3,2025-12-06 08:00:00,131.4675757528534,Residential,7624,400
R4,2025-12-06 08:00:00,363.4647287009288,Residential,4746,440
R1,2025-12-06 09:00:00,317.83645135337633,Residential,6781,300
R2,2025-12-06 09:00:00,117.96206583290449,Commercial,7086,450
R3,2025-12-06 09:00:00,150.16111617466981,Residential,7624,400
R4,2025-12-06 09:00:00,398.59730304654516,Residential,4746,440
R1,2025-12-06 10:00:00,174.53562521658253,Residential,6781,300
R2,2025-12-06 10:00:00,287.84534569479206,Commercial,7086,450
R3,2025-12-06 10:00:00,176.77953225159285,Residential,7624,400
R4,2025-12-06 10:00:00,294.01830578952206,Residential,4746,440
R1,2025-12-06 11:00:00,230.98173819468786,Residential,6781,300
R2,2025-12-06 11:00:00,209.3725227392904,Commercial,7086,450
R3,2025-12-06 11:00:00,258.9490165367214,Residential,7624,400
R4,2025-12-06 11:00:00,304.68423688117576,Residential,4746,440
R1,2025-12-06 12:00:00,95.44565467551894,Residential,6781,300
R2,2025-12-06 12:00:00,385.47387642576444,Commercial,7086,450
R3,2025-12-06 12:00:00,158.87372788648148,Residential,7624,400
R4,2025-12-06 12:00:00,234.58392701323868,Residential,4746,440
R1,2025-12-06 13:00:00,377.3890275771654,Residential,6781,300
R2,2025-12-06 13:00:00,331.3047178866868,Commercial,7086,450
R3,2025-12-06 13:00:00,346.78876063782644,Residential,7624,400
R4,2025-12-06 13:00:00,362.0007699269704,Residential,4746,440
R1,2025-12-06 14:00:00,331.6523486386158,Residential,6781,300
R2,2025-12-06 14:00:00,177.91264721613442,Commercial,7086,450
R3,2025-12-06 14:00:00,174.64262811487964,Residential,7624,400
R4,2025-12-06 14:00:00,266.7114654186352,Residential,4746,440
R1,2025-12-06 15:00:00,230.82864133622266,Residential,6781,300
R2,2025-12-06 15:00:00,268.6477212554581,Commercial,7086,450
R3,2025-12-06 15:00:00,193.8524153637686,Residential,7624,400
R4,2025-12-06 15:00:00,116.7760135072789,Residential,4746,440
R1,2025-12-06 16:00:00,297.12436713934653,Residential,6781,300
R2,2025-12-06 16:00:00,158.74514121995202,Commercial,7086,450
R3,2025-12-06 16:00:00,127.34839093725817,Residential,7624,400
R4,2025-12-06 16:00:00,246.8634511825453,Residential,4746,440
R1,2025-12-06 17:00:00,210.38881223492965,Residential,6781,300
R2,2025-12-06 17:00:00,94.02472308367365,Commercial,7086,450
R3,2025-12-06 17:00:00,148.09529160428036,Residential,7624,400
R4,2025-12-06 17:00:00,340.88656503052516,Residential,4746,440
R1,2025-12-06 18:00:00,353.6195357775852,Residential,6781,300
R2,2025-12-06 18:00:00,80.82239227625116,Commercial,7086,450
R3,2025-12-06 18:00:00,166.58720321520224,Residential,7624,400
R4,2025-12-06 18:00:00,231.5387470270525,Residential,4746,440
R1,2025-12-06 19:00:00,254.30398444643635,Residential,6781,300
R2,2025-12-06 19:00:00,319.2392279493317,Commercial,7086,450
R3,2025-12-06 19:00:00,123.61120462873835,Residential,7624,400
R4,2025-12-06 19:00:00,265.9828452149578,Residential,4746,440
R1,2025-12-06 20:00:00,341.130463262307,Residential,6781,300
R2,2025-12-06 20:00:00,192.90775975144305,Commercial,7086,450
R3,2025-12-06 20:00:00,313.5308404151499,Residential,7624,400
R4,2025-12-06 20:00:00,234.29480175006856,Residential,4746,440
R1,2025-12-06 21:00:00,299.88759993892404,Residential,6781,300
R2,2025-12-06 21:00:00,319.7549888751821,Commercial,7086,450
R3,2025-12-06 21:00:00,85.56810824788047,Residential,7624,400
R4,2025-12-06 21:00:00,289.47559025707665,Residential,4746,440
R1,2025-12-06 22:00:00,172.40326657549713,Residential,6781,300
R2,2025-12-06 22:00:00,176.54434886846505,Commercial,7086,450
R3,2025-12-06 22:00:00,399.50304767176783,Residential,7624,400
R4,2025-12-06 22:00:00,159.64779999328977,Residential,4746,440
R1,2025-12-06 23:00:00,390.2689055062827,Residential,6781,300
R2,2025-12-06 23:00:00,341.23836702803374,Commercial,7086,450
R3,2025-12-06 23:00:00,210.0341254563543,Residential,7624,400
R4,2025-12-06 23:00:00,170.2578798505758,Residential,4746,440
R1,2025-12-07 00:00:00,334.4623588220538,Residential,6781,300
R2,2025-12-07 00:00:00,262.4522405812743,Commercial,7086,450
R3,2025-12-07 00:00:00,232.81750155401545,Residential,7624,400
R4,2025-12-07 00:00:00,229.21091099754605,Residential,4746,440
R1,2025-12-07 01:00:00,106.84548604302336,Residential,6781,300
R2,2025-12-07 01:00:00,127.13201655617073,Commercial,7086,450
R3,2025-12-07 01:00:00,362.5526650027276,Residential,7624,400
R4,2025-12-07 01:00:00,271.3458918179317,Residential,4746,440
R1,2025-12-07 02:00:00,251.36751014107975,Residential,6781,300
R2,2025-12-07 02:00:00,351.1424669201592,Commercial,7086,450
R3,2025-12-07 02:00:00,224.63417651811383,Residential,7624,400
R4,2025-12-07 02:00:00,393.9383291188851,Residential,4746,440
R1,2025-12-07 03:00:00,365.121368353009,Residential,6781,300
R2,2025-12-07 03:00:00,126.6168268929076,Commercial,7086,450
R3,2025-12-07 03:00:00,373.6218994249903,Residential,7624,400
R4,2025-12-07 03:00:00,116.42513235039846,Residential,4746,440
R1,2025-12-07 04:00:00,279.1119104050233,Residential,6781,300
R2,2025-12-07 04:00:00,118.7747051442793,Commercial,7086,450
R3,2025-12-07 04:00:00,387.54754135183146,Residential,7624,400
R4,2025-12-07 04:00:00,169.60838360693606,Residential,4746,440
R1,2025-12-07 05:00:00,261.4523118130668,Residential,6781,300
R2,2025-12-07 05:00:00,363.0022779530635,Commercial,7086,450
R3,2025-12-07 05:00:00,300.1674695571577,Residential,7624,400
R4,2025-12-07 05:00:00,239.79703227238366,Residential,4746,440
R1,2025-12-07 06:00:00,197.078326485123,Residential,6781,300
R2,2025-12-07 06:00:00,204.58286596802674,Commercial,7086,450
R3,2025-12-07 06:00:00,123.21957469819682,Residential,7624,400
R4,2025-12-07 06:00:00,178.91931365019286,Residential,4746,440
R1,2025-12-07 07:00:00,289.64322628398907,Residential,6781,300
R2,2025-12-07 07:00:00,255.0669121361145,Commercial,7086,450
R3,2025-12-07 07:00:00,124.4168648687819,Residential,7624,400
R4,2025-12-07 07:00:00,287.413398497664,Residential,4746,440
R1,2025-12-07 08:00:00,207.52947800696109,Residential,6781,300
R2,2025-12-07 08:00:00,81.36367136684785,Commercial,7086,450
R3,2025-12-07 08:00:00,273.1377345201357,Residential,7624,400
R4,2025-12-07 08:00:00,195.62356739001876,Residential,4746,440
R1,2025-12-07 09:00:00,129.9460132299998,Residential,6781,300
R2,2025-12-07 09:00:00,90.8173432190699,Commercial,7086,450
R3,2025-12-07 09:00:00,271.44314460058274,Residential,7624,400
R4,2025-12-07 09:00:00,313.8250672000163,Residential,4746,440
R1,2025-12-07 10:00:00,173.72051337566273,Residential,6781,300
R2,2025-12-07 10:00:00,342.5189236874365,Commercial,7086,450
R3,2025-12-07 10:00:00,287.72488987420843,Residential,7624,400
R4,2025-12-07 10:00:00,234.79962227148292,Residential,4746,440
R1,2025-12-07 11:00:00,330.2117451643633,Residential,6781,300
R2,2025-12-07 11:00:00,102.60489247012046,Commercial,7086,450
R3,2025-12-07 11:00:00,298.6624714043412,Residential,7624,400
R4,2025-12-07 11:00:00,350.1977032466714,Residential,4746,440
R1,2025-12-07 12:00:00,165.40322491830995,Residential,6781,300
R2,2025-12-07 12:00:00,265.26661285031133,Commercial,7086,450
R3,2025-12-07 12:00:00,97.69983728278291,Residential,7624,400
R4,2025-12-07 12:00:00,132.2893827051564,Residential,4746,440
R1,2025-12-07 13:00:00,125.12424554197949,Residential,6781,300
R2,2025-12-07 13:00:00,256.3355011880757,Commercial,7086,450
R3,2025-12-07 13:00:00,213.16944140662483,Residential,7624,400
R4,2025-12-07 13:00:00,193.43875950177332,Residential,4746,440
R1,2025-12-07 14:00:00,184.26166363047145,Residential,6781,300
R2,2025-12-07 14:00:00,92.64634058204041,Commercial,7086,450
R3,2025-12-07 14:00:00,278.87752258264,Residential,7624,400
R4,2025-12-07 14:00:00,336.72588231136723,Residential,4746,440
R1,2025-12-07 15:00:00,302.2212909608984,Residential,6781,300
R2,2025-12-07 15:00:00,201.84757516446092,Commercial,7086,450
R3,2025-12-07 15:00:00,265.21790136053403,Residential,7624,400
R4,2025-12-07 15:00:00,256.167019278264,Residential,4746,440
R1,2025-12-07 16:00:00,200.4968687435869,Residential,6781,300
R2,2025-12-07 16:00:00,110.40256212937226,Commercial,7086,450
R3,2025-12-07 16:00:00,352.30522856553887,Residential,7624,400
R4,2025-12-07 16:00:00,365.34585091707993,Residential,4746,440
R1,2025-12-07 17:00:00,394.8288059511706,Residential,6781,300
R2,2025-12-07 17:00:00,263.1158896929951,Commercial,7086,450
R3,2025-12-07 17:00:00,206.72532091143205,Residential,7624,400
R4,2025-12-07 17:00:00,155.47738663058897,Residential,4746,440
R1,2025-12-07 18:00:00,319.60672769531527,Residential,6781,300
R2,2025-12-07 18:00:00,237.17167245297628,Commercial,7086,450
R3,2025-12-07 18:00:00,260.41167297644563,Residential,7624,400
R4,2025-12-07 18:00:00,379.46624139307903,Residential,4746,440
R1,2025-12-07 19:00:00,192.20423713558674,Residential,6781,300
R2,2025-12-07 19:00:00,385.1363532068409,Commercial,7086,450
R3,2025-12-07 19:00:00,278.58738808200036,Residential,7624,400
R4,2025-12-07 19:00:00,165.87844642968003,Residential,4746,440
R1,2025-12-07 20:00:00,271.2754070508279,Residential,6781,300
R2,2025-12-07 20:00:00,210.42155080211313,Commercial,7086,450
R3,2025-12-07 20:00:00,340.9388316252603,Residential,7624,400
R4,2025-12-07 20:00:00,322.32718659570037,Residential,4746,440
R1,2025-12-07 21:00:00,322.00720244108254,Residential,6781,300
R2,2025-12-07 21:00:00,150.01319359949503,Commercial,7086,450
R3,2025-12-07 21:00:00,215.69841787097513,Residential,7624,400
R4,2025-12-07 21:00:00,210.9076249588669,Residential,4746,440
R1,2025-12-07 22:00:00,141.30513174010127,Residential,6781,300
R2,2025-12-07 22:00:00,322.37522625568147,Commercial,7086,450
R3,2025-12-07 22:00:00,346.94071647288246,Residential,7624,400
R4,2025-12-07 22:00:00,375.8120631100126,Residential,4746,440
R1,2025-12-07 23:00:00,385.56621781695634,Residential,6781,300
R2,2025-12-07 23:00:00,255.46752885843418,Commercial,7086,450
R3,2025-12-07 23:00:00,331.73028064195597,Residential,7624,400
R4,2025-12-07 23:00:00,202.6925713295391,Residential,4746,440
R1,2025-12-08 00:00:00,345.6860751589692,Residential,6781,300
R2,2025-12-08 00:00:00,342.7303766906274,Commercial,7086,450
R3,2025-12-08 00:00:00,300.36739154909606,Residential,7624,400
R4,2025-12-08 00:00:00,340.92327434028573,Residential,4746,440
R1,2025-12-08 01:00:00,92.18655282631798,Residential,6781,300
R2,2025-12-08 01:00:00,185.30322215342136,Commercial,7086,450
R3,2025-12-08 01:00:00,240.74119874587322,Residential,7624,400
R4,2025-12-08 01:00:00,380.8378328773954,Residential,4746,440
R1,2025-12-08 02:00:00,218.05629166661964,Residential,6781,300
R2,2025-12-08 02:00:00,386.47659131633014,Commercial,7086,450
R3,2025-12-08 02:00:00,145.99973801462963,Residential,7624,400
R4,2025-12-08 02:00:00,92.95640195318825,Residential,4746,440
R1,2025-12-08 03:00:00,182.92730051748788,Residential,6781,300
R2,2025-12-08 03:00:00,137.79778288645784,Commercial,7086,450
R3,2025-12-08 03:00:00,376.73718645938044,Residential,7624,400
R4,2025-12-08 03:00:00,311.66358353677924,Residential,4746,440
R1,2025-12-08 04:00:00,211.47489424281488,Residential,6781,300
R2,2025-12-08 04:00:00,233.70814604801208,Commercial,7086,450
R3,2025-12-08 04:00:00,121.69759279355794,Residential,7624,400
R4,2025-12-08 04:00:00,87.73852585024625,Residential,4746,440
R1,2025-12-08 05:00:00,297.4427381009385,Residential,6781,300
R2,2025-12-08 05:00:00,96.6927765323376,Commercial,7086,450
R3,2025-12-08 05:00:00,356.3135407014397,Residential,7624,400
R4,2025-12-08 05:00:00,320.61401290678396,Residential,4746,440
R1,2025-12-08 06:00:00,84.97379381883161,Residential,6781,300
R2,2025-12-08 06:00:00,215.09160868475288,Commercial,7086,450
R3,2025-12-08 06:00:00,389.8840274061549,Residential,7624,400
R4,2025-12-08 06:00:00,267.1953050855613,Residential,4746,440
R1,2025-12-08 07:00:00,338.8794641915184,Residential,6781,300
R2,2025-12-08 07:00:00,288.8167709634934,Commercial,7086,450
R3,2025-12-08 07:00:00,346.04412645888704,Residential,7624,400
R4,2025-12-08 07:00:00,393.8256391050009,Residential,4746,440
R1,2025-12-08 08:00:00,105.80448978027988,Residential,6781,300
R2,2025-12-08 08:00:00,309.1055887578393,Commercial,7086,450
R3,2025-12-08 08:00:00,373.3640481696643,Residential,7624,400
R4,2025-12-08 08:00:00,85.06931124675762,Residential,4746,440
R1,2025-12-08 09:00:00,309.24120221626373,Residential,6781,300
R2,2025-12-08 09:00:00,233.34092226249885,Commercial,7086,450
R3,2025-12-08 09:00:00,344.1062074871896,Residential,7624,400
R4,2025-12-08 09:00:00,355.21602696984496,Residential,4746,440
R1,2025-12-08 10:00:00,194.6181008883221,Residential,6781,300
R2,2025-12-08 10:00:00,290.69986971400556,Commercial,7086,450
R3,2025-12-08 10:00:00,239.99216641138395,Residential,7624,400
R4,2025-12-08 10:00:00,166.70148042758655,Residential,4746,440
R1,2025-12-08 11:00:00,257.2173374658799,Residential,6781,300
R2,2025-12-08 11:00:00,279.041908542241,Commercial,7086,450
R3,2025-12-08 11:00:00,168.42261487046108,Residential,7624,400
R4,2025-12-08 11:00:00,245.03890896145953,Residential,4746,440
R1,2025-12-08 12:00:00,393.7897413229059,Residential,6781,300
R2,2025-12-08 12:00:00,395.0915567874397,Commercial,7086,450
R3,2025-12-08 12:00:00,118.23813357109881,Residential,7624,400
R4,2025-12-08 12:00:00,197.36328853847897,Residential,4746,440
R1,2025-12-08 13:00:00,134.51735175639456,Residential,6781,300
R2,2025-12-08 13:00:00,281.2354059832834,Commercial,7086,450
R3,2025-12-08 13:00:00,373.3260567863797,Residential,7624,400
R4,2025-12-08 13:00:00,297.5098479050721,Residential,4746,440
R1,2025-12-08 14:00:00,319.80969185398465,Residential,6781,300
R2,2025-12-08 14:00:00,353.6644736080115,Commercial,7086,450
R3,2025-12-08 14:00:00,141.15872310737063,Residential,7624,400
R4,2025-12-08 14:00:00,307.3398243865944,Residential,4746,440
R1,2025-12-08 15:00:00,330.5810930014106,Residential,6781,300
R2,2025-12-08 15:00:00,269.2592418561634,Commercial,7086,450
R3,2025-12-08 15:00:00,351.10250299119696,Residential,7624,400
R4,2025-12-08 15:00:00,346.19176295307386,Residential,4746,440
R1,2025-12-08 16:00:00,272.80858593761593,Residential,6781,300
R2,2025-12-08 16:00:00,283.77213535018166,Commercial,7086,450
R3,2025-12-08 16:00:00,174.97084247589666,Residential,7624,400
R4,2025-12-08 16:00:00,368.6477422848372,Residential,4746,440
R1,2025-12-08 17:00:00,226.48470681703515,Residential,6781,300
R2,2025-12-08 17:00:00,370.3864791053694,Commercial,7086,450
R3,2025-12-08 17:00:00,307.3155507721042,Residential,7624,400
R4,2025-12-08 17:00:00,179.472082539247,Residential,4746,440
R1,2025-12-08 18:00:00,327.50572305614196,Residential,6781,300
R2,2025-12-08 18:00:00,255.60930077417086,Commercial,7086,450
R3,2025-12-08 18:00:00,103.78421300755328,Residential,7624,400
R4,2025-12-08 18:00:00,303.4495347809401,Residential,4746,440
R1,2025-12-08 19:00:00,106.89517487451621,Residential,6781,300
R2,2025-12-08 19:00:00,245.88128521541114,Commercial,7086,450
R3,2025-12-08 19:00:00,183.5205485109589,Residential,7624,400
R4,2025-12-08 19:00:00,115.68876913416733,Residential,4746,440
R1,2025-12-08 20:00:00,210.68918377597382,Residential,6781,300
R2,2025-12-08 20:00:00,294.3875323581897,Commercial,7086,450
R3,2025-12-08 20:00:00,308.69271356639274,Residential,7624,400
R4,2025-12-08 20:00:00,97.51297926008846,Residential,4746,440
R1,2025-12-08 21:00:00,249.31065219322136,Residential,6781,300
R2,2025-12-08 21:00:00,141.94242717297595,Commercial,7086,450
R3,2025-12-08 21:00:00,349.3737267541787,Residential,7624,400
R4,2025-12-08 21:00:00,391.83794511134914,Residential,4746,440
R1,2025-12-08 22:00:00,185.07156135206026,Residential,6781,300
R2,2025-12-08 22:00:00,233.0302736149295,Commercial,7086,450
R3,2025-12-08 22:00:00,245.67930030569403,Residential,7624,400
R4,2025-12-08 22:00:00,252.45821128957738,Residential,4746,440
R1,2025-12-08 23:00:00,305.6926201060273,Residential,6781,300
R2,2025-12-08 23:00:00,83.35283529113514,Commercial,7086,450
R3,2025-12-08 23:00:00,389.5894442581699,Residential,7624,400
R4,2025-12-08 23:00:00,286.2637250962115,Residential,4746,440
R1,2025-12-09 00:00:00,137.32682709370613,Residential,6781,300
R2,2025-12-09 00:00:00,139.49630183067472,Commercial,7086,450
R3,2025-12-09 00:00:00,285.9969049219488,Residential,7624,400
R4,2025-12-09 00:00:00,389.7852142800547,Residential,4746,440
R1,2025-12-09 01:00:00,157.78245695868605,Residential,6781,300
R2,2025-12-09 01:00:00,381.86981835538325,Commercial,7086,450
R3,2025-12-09 01:00:00,284.20809153717846,Residential,7624,400
R4,2025-12-09 01:00:00,195.40192220192034,Residential,4746,440
R1,2025-12-09 02:00:00,107.15120885696372,Residential,6781,300
R2,2025-12-09 02:00:00,311.3765902545871,Commercial,7086,450
R3,2025-12-09 02:00:00,251.3285926905515,Residential,7624,400
R4,2025-12-09 02:00:00,138.71622791167226,Residential,4746,440
R1,2025-12-09 03:00:00,84.13206784276665,Residential,6781,300
R2,2025-12-09 03:00:00,160.06313291279184,Commercial,7086,450
R3,2025-12-09 03:00:00,82.76678489631927,Residential,7624,400
R4,2025-12-09 03:00:00,271.46699562769925,Residential,4746,440
R1,2025-12-09 04:00:00,129.88833197196482,Residential,6781,300
R2,2025-12-09 04:00:00,175.227453089678,Commercial,7086,450
R3,2025-12-09 04:00:00,363.76005404343897,Residential,7624,400
R4,2025-12-09 04:00:00,255.78263848756066,Residential,4746,440
R1,2025-12-09 05:00:00,285.24009046554903,Residential,6781,300
R2,2025-12-09 05:00:00,93.51771938401103,Commercial,7086,450
R3,2025-12-09 05:00:00,94.02746903597188,Residential,7624,400
R4,2025-12-09 05:00:00,313.77377196614395,Residential,4746,440
R1,2025-12-09 06:00:00,155.1592660921096,Residential,6781,300
R2,2025-12-09 06:00:00,172.04859583502102,Commercial,7086,450
R3,2025-12-09 06:00:00,185.1046586634281,Residential,7624,400
R4,2025-12-09 06:00:00,231.17275267785197,Residential,4746,440
R1,2025-12-09 07:00:00,389.07927960925133,Residential,6781,300
R2,2025-12-09 07:00:00,100.80350900161082,Commercial,7086,450
R3,2025-12-09 07:00:00,325.389726213889,Residential,7624,400
R4,2025-12-09 07:00:00,219.52247081651353,Residential,4746,440
R1,2025-12-09 08:00:00,168.85180152858027,Residential,6781,300
R2,2025-12-09 08:00:00,273.9372285458127,Commercial,7086,450
R3,2025-12-09 08:00:00,137.69011807791784,Residential,7624,400
R4,2025-12-09 08:00:00,169.65463301137493,Residential,4746,440
R1,2025-12-09 09:00:00,159.16873428084443,Residential,6781,300
R2,2025-12-09 09:00:00,354.18433467454327,Commercial,7086,450
R3,2025-12-09 09:00:00,229.48937542825394,Residential,7624,400
R4,2025-12-09 09:00:00,365.8459256211986,Residential,4746,440
R1,2025-12-09 10:00:00,199.27636999392706,Residential,6781,300
R2,2025-12-09 10:00:00,335.12619765744535,Commercial,7086,450
R3,2025-12-09 10:00:00,349.27773762345447,Residential,7624,400
R4,2025-12-09 10:00:00,274.4247206173684,Residential,4746,440
R1,2025-12-09 11:00:00,290.70823304027476,Residential,6781,300
R2,2025-12-09 11:00:00,132.34150267663858,Commercial,7086,450
R3,2025-12-09 11:00:00,250.5510890494187,Residential,7624,400
R4,2025-12-09 11:00:00,190.87512524165962,Residential,4746,440
R1,2025-12-09 12:00:00,307.94222591901195,Residential,6781,300
R2,2025-12-09 12:00:00,195.0223307398444,Commercial,7086,450
R3,2025-12-09 12:00:00,134.40301822818085,Residential,7624,400
R4,2025-12-09 12:00:00,358.27945583459757,Residential,4746,440
R1,2025-12-09 13:00:00,181.1470636284594,Residential,6781,300
R2,2025-12-09 13:00:00,318.68048881391815,Commercial,7086,450
R3,2025-12-09 13:00:00,312.31053635993817,Residential,7624,400
R4,2025-12-09 13:00:00,116.6622896741465,Residential,4746,440
R1,2025-12-09 14:00:00,254.29963307175385,Residential,6781,300
R2,2025-12-09 14:00:00,95.563538440576,Commercial,7086,450
R3,2025-12-09 14:00:00,358.6890283581595,Residential,7624,400
R4,2025-12-09 14:00:00,182.60374869387104,Residential,4746,440
R1,2025-12-09 15:00:00,211.66134639690125,Residential,6781,300
R2,2025-12-09 15:00:00,361.6988028787045,Commercial,7086,450
R3,2025-12-09 15:00:00,187.23055969065044,Residential,7624,400
R4,2025-12-09 15:00:00,200.55556646497962,Residential,4746,440
R1,2025-12-09 16:00:00,204.06546759393095,Residential,6781,300
R2,2025-12-09 16:00:00,326.408721404896,Commercial,7086,450
R3,2025-12-09 16:00:00,261.1110579610484,Residential,7624,400
R4,2025-12-09 16:00:00,199.90354919496835,Residential,4746,440
R1,2025-12-09 17:00:00,272.9970381268176,Residential,6781,300
R2,2025-12-09 17:00:00,125.0561796671141,Commercial,7086,450
R3,2025-12-09 17:00:00,322.2272494359373,Residential,7624,400
R4,2025-12-09 17:00:00,192.22750387628778,Residential,4746,440
R1,2025-12-09 18:00:00,198.59792603645764,Residential,6781,300
R2,2025-12-09 18:00:00,115.06834283572712,Commercial,7086,450
R3,2025-12-09 18:00:00,229.65108014648717,Residential,7624,400
R4,2025-12-09 18:00:00,106.91446747077052,Residential,4746,440
R1,2025-12-09 19:00:00,142.69175774139913,Residential,6781,300
R2,2025-12-09 19:00:00,140.8425041231841,Commercial,7086,450
R3,2025-12-09 19:00:00,399.3310462069749,Residential,7624,400
R4,2025-12-09 19:00:00,308.14866995092746,Residential,4746,440
R1,2025-12-09 20:00:00,120.56534887230302,Residential,6781,300
R2,2025-12-09 20:00:00,319.42220293152957,Commercial,7086,450
R3,2025-12-09 20:00:00,142.48805617755113,Residential,7624,400
R4,2025-12-09 20:00:00,134.0606345748239,Residential,4746,440
R1,2025-12-09 21:00:00,133.04662062667393,Residential,6781,300
R2,2025-12-09 21:00:00,172.954081090286,Commercial,7086,450
R3,2025-12-09 21:00:00,276.5693750427687,Residential,7624,400
R4,2025-12-09 21:00:00,368.97572582463533,Residential,4746,440
R1,2025-12-09 22:00:00,168.3969674051885,Residential,6781,300
R2,2025-12-09 22:00:00,394.68858207398995,Commercial,7086,450
R3,2025-12-09 22:00:00,367.53004337041284,Residential,7624,400
R4,2025-12-09 22:00:00,350.89593912842975,Residential,4746,440
R1,2025-12-09 23:00:00,158.29382284474735,Residential,6781,300
R2,2025-12-09 23:00:00,319.57560474931597,Commercial,7086,450
R3,2025-12-09 23:00:00,254.07588027354944,Residential,7624,400
R4,2025-12-09 23:00:00,91.66754030516498,Residential,4746,440
R1,2025-12-10 00:00:00,195.32188139948857,Residential,6781,300
R2,2025-12-10 00:00:00,357.64153344448556,Commercial,7086,450
R3,2025-12-10 00:00:00,170.81399734520897,Residential,7624,400
R4,2025-12-10 00:00:00,337.25302937960964,Residential,4746,440
R1,2025-12-10 01:00:00,153.44014776592735,Residential,6781,300
R2,2025-12-10 01:00:00,357.8113819477779,Commercial,7086,450
R3,2025-12-10 01:00:00,259.52689941704847,Residential,7624,400
R4,2025-12-10 01:00:00,244.36586206147882,Residential,4746,440
R1,2025-12-10 02:00:00,254.02144826288202,Residential,6781,300
R2,2025-12-10 02:00:00,340.6224303226656,Commercial,7086,450
R3,2025-12-10 02:00:00,103.82866168972932,Residential,7624,400
R4,2025-12-10 02:00:00,312.26873526178224,Residential,4746,440
R1,2025-12-10 03:00:00,162.14417416155428,Residential,6781,300
R2,2025-12-10 03:00:00,350.80232192445123,Commercial,7086,450
R3,2025-12-10 03:00:00,388.1333127854358,Residential,7624,400
R4,2025-12-10 03:00:00,183.89948439831488,Residential,4746,440
R1,2025-12-10 04:00:00,100.85098193589192,Residential,6781,300
R2,2025-12-10 04:00:00,87.9280644047866,Commercial,7086,450
R3,2025-12-10 04:00:00,218.85745832680163,Residential,7624,400
R4,2025-12-10 04:00:00,363.38499458315505,Residential,4746,440
R1,2025-12-10 05:00:00,208.19867973728014,Residential,6781,300
R2,2025-12-10 05:00:00,125.98111046759112,Commercial,7086,450
R3,2025-12-10 05:00:00,228.863583934166,Residential,7624,400
R4,2025-12-10 05:00:00,292.48835429588837,Residential,4746,440
R1,2025-12-10 06:00:00,269.03210112993844,Residential,6781,300
R2,2025-12-10 06:00:00,251.4949907570827,Commercial,7086,450
R3,2025-12-10 06:00:00,151.94118222472235,Residential,7624,400
R4,2025-12-10 06:00:00,272.30226980174996,Residential,4746,440
R1,2025-12-10 07:00:00,231.9689858315773,Residential,6781,300
R2,2025-12-10 07:00:00,399.06518964879245,Commercial,7086,450
R3,2025-12-10 07:00:00,324.8736502849901,Residential,7624,400
R4,2025-12-10 07:00:00,327.0724185632804,Residential,4746,440
R1,2025-12-10 08:00:00,165.00724804253977,Residential,6781,300
R2,2025-12-10 08:00:00,374.3779529542967,Commercial,7086,450
R3,2025-12-10 08:00:00,190.9655950010881,Residential,7624,400
R4,2025-12-10 08:00:00,93.02252007148084,Residential,4746,440
R1,2025-12-10 09:00:00,312.0803609817293,Residential,6781,300
R2,2025-12-10 09:00:00,125.55074643992675,Commercial,7086,450
R3,2025-12-10 09:00:00,380.9823048538072,Residential,7624,400
R4,2025-12-10 09:00:00,186.87512385057346,Residential,4746,440
R1,2025-12-10 10:00:00,376.5575925232213,Residential,6781,300
R2,2025-12-10 10:00:00,273.26206886700106,Commercial,7086,450
R3,2025-12-10 10:00:00,179.50629002134716,Residential,7624,400
R4,2025-12-10 10:00:00,86.50264773870941,Residential,4746,440
R1,2025-12-10 11:00:00,215.89145106391143,Residential,6781,300
R2,2025-12-10 11:00:00,176.64869557151576,Commercial,7086,450
R3,2025-12-10 11:00:00,199.47172389380484,Residential,7624,400
R4,2025-12-10 11:00:00,302.174754649771,Residential,4746,440
R1,2025-12-10 12:00:00,249.0193486665288,Residential,6781,300
R2,2025-12-10 12:00:00,252.6177964117454,Commercial,7086,450
R3,2025-12-10 12:00:00,109.70333834198019,Residential,7624,400
R4,2025-12-10 12:00:00,294.9330652625181,Residential,4746,440
R1,2025-12-10 13:00:00,217.88095854299291,Residential,6781,300
R2,2025-12-10 13:00:00,313.95938021038967,Commercial,7086,450
R3,2025-12-10 13:00:00,148.6984654549769,Residential,7624,400
R4,2025-12-10 13:00:00,268.25021481795113,Residential,4746,440
R1,2025-12-10 14:00:00,117.7127365964773,Residential,6781,300
R2,2025-12-10 14:00:00,311.7353064019335,Commercial,7086,450
R3,2025-12-10 14:00:00,384.34160296784614,Residential,7624,400
R4,2025-12-10 14:00:00,317.42299559206936,Residential,4746,440
R1,2025-12-10 15:00:00,247.1524267042103,Residential,6781,300
R2,2025-12-10 15:00:00,291.68558043405926,Commercial,7086,450
R3,2025-12-10 15:00:00,257.3386984508623,Residential,7624,400
R4,2025-12-10 15:00:00,200.85033282656605,Residential,4746,440
R1,2025-12-10 16:00:00,377.4495984208343,Residential,6781,300
R2,2025-12-10 16:00:00,202.10503087430573,Commercial,7086,450
R3,2025-12-10 16:00:00,88.1174796982009,Residential,7624,400
R4,2025-12-10 16:00:00,347.8662231279518,Residential,4746,440
R1,2025-12-10 17:00:00,189.33888840487236,Residential,6781,300
R2,2025-12-10 17:00:00,214.09123114625342,Commercial,7086,450
R3,2025-12-10 17:00:00,213.90434220831563,Residential,7624,400
R4,2025-12-10 17:00:00,173.14215368252903,Residential,4746,440
R1,2025-12-10 18:00:00,247.4697625072902,Residential,6781,300
R2,2025-12-10 18:00:00,265.4503625764797,Commercial,7086,450
R3,2025-12-10 18:00:00,197.2166118546876,Residential,7624,400
R4,2025-12-10 18:00:00,198.6905212374282,Residential,4746,440
R1,2025-12-10 19:00:00,106.14363101378117,Residential,6781,300
R2,2025-12-10 19:00:00,199.24493683955163,Commercial,7086,450
R3,2025-12-10 19:00:00,112.50538913615891,Residential,7624,400
R4,2025-12-10 19:00:00,143.39080835979593,Residential,4746,440
R1,2025-12-10 20:00:00,183.1863996967564,Residential,6781,300
R2,2025-12-10 20:00:00,218.79488017982248,Commercial,7086,450
R3,2025-12-10 20:00:00,289.80066351549607,Residential,7624,400
R4,2025-12-10 20:00:00,330.12781369298074,Residential,4746,440
R1,2025-12-10 21:00:00,336.3915233176527,Residential,6781,300
R2,2025-12-10 21:00:00,190.54243563073237,Commercial,7086,450
R3,2025-12-10 21:00:00,206.23678877378308,Residential,7624,400
R4,2025-12-10 21:00:00,121.39909696773238,Residential,4746,440
R1,2025-12-10 22:00:00,204.2594817375857,Residential,6781,300
R2,2025-12-10 22:00:00,233.21838838295412,Commercial,7086,450
R3,2025-12-10 22:00:00,278.3852253713902,Residential,7624,400
R4,2025-12-10 22:00:00,322.33257175575284,Residential,4746,440
R1,2025-12-10 23:00:00,137.66347388525574,Residential,6781,300
R2,2025-12-10 23:00:00,135.9912466816114,Commercial,7086,450
R3,2025-12-10 23:00:00,364.31042388791,Residential,7624,400
R4,2025-12-10 23:00:00,206.15022203669199,Residential,4746,440
R1,2025-12-11 00:00:00,303.7716079661222,Residential,6781,300
R2,2025-12-11 00:00:00,199.6330593305356,Commercial,7086,450
R3,2025-12-11 00:00:00,333.1674074606804,Residential,7624,400
R4,2025-12-11 00:00:00,122.38908269116536,Residential,4746,440
R1,2025-12-11 01:00:00,365.86469708880577,Residential,6781,300
R2,2025-12-11 01:00:00,202.57223317024688,Commercial,7086,450
R3,2025-12-11 01:00:00,317.00142876317716,Residential,7624,400
R4,2025-12-11 01:00:00,84.50179246079486,Residential,4746,440
R1,2025-12-11 02:00:00,385.04449244219006,Residential,6781,300
R2,2025-12-11 02:00:00,328.7847611817483,Commercial,7086,450
R3,2025-12-11 02:00:00,210.332558699193,Residential,7624,400
R4,2025-12-11 02:00:00,395.0754734761764,Residential,4746,440
R1,2025-12-11 03:00:00,369.3295788428899,Residential,6781,300
R2,2025-12-11 03:00:00,313.18720805385465,Commercial,7086,450
R3,2025-12-11 03:00:00,361.12137589598865,Residential,7624,400
R4,2025-12-11 03:00:00,362.23549904644267,Residential,4746,440
R1,2025-12-11 04:00:00,255.92016775064354,Residential,6781,300
R2,2025-12-11 04:00:00,102.78730236305736,Commercial,7086,450
R3,2025-12-11 04:00:00,369.325924467664,Residential,7624,400
R4,2025-12-11 04:00:00,368.49064512105036,Residential,4746,440
R1,2025-12-11 05:00:00,116.60702520877543,Residential,6781,300
R2,2025-12-11 05:00:00,289.0506176840198,Commercial,7086,450
R3,2025-12-11 05:00:00,308.5908757106307,Residential,7624,400
R4,2025-12-11 05:00:00,369.4555775867392,Residential,4746,440
R1,2025-12-11 06:00:00,97.36460038534837,Residential,6781,300
R2,2025-12-11 06:00:00,267.4081004357711,Commercial,7086,450
R3,2025-12-11 06:00:00,112.95248998031326,Residential,7624,400
R4,2025-12-11 06:00:00,209.1946029540157,Residential,4746,440
R1,2025-12-11 07:00:00,202.1902090308984,Residential,6781,300
R2,2025-12-11 07:00:00,319.27293271398185,Commercial,7086,450
R3,2025-12-11 07:00:00,130.86086453783918,Residential,7624,400
R4,2025-12-11 07:00:00,140.05688503225588,Residential,4746,440
R1,2025-12-11 08:00:00,293.71432559493724,Residential,6781,300
R2,2025-12-11 08:00:00,122.56024106871283,Commercial,7086,450
R3,2025-12-11 08:00:00,368.9873648749957,Residential,7624,400
R4,2025-12-11 08:00:00,323.32540718423246,Residential,4746,440
R1,2025-12-11 09:00:00,327.4539569787469,Residential,6781,300
R2,2025-12-11 09:00:00,258.489178772199,Commercial,7086,450
R3,2025-12-11 09:00:00,347.57732967522753,Residential,7624,400
R4,2025-12-11 09:00:00,395.325450470461,Residential,4746,440
R1,2025-12-11 10:00:00,175.51124157899028,Residential,6781,300
R2,2025-12-11 10:00:00,181.88546708329952,Commercial,7086,450
R3,2025-12-11 10:00:00,225.3123989516962,Residential,7624,400
R4,2025-12-11 10:00:00,85.03084789741169,Residential,4746,440
R1,2025-12-11 11:00:00,362.9196144953079,Residential,6781,300
R2,2025-12-11 11:00:00,138.50760795024422,Commercial,7086,450
R3,2025-12-11 11:00:00,380.2243728372528,Residential,7624,400
R4,2025-12-11 11:00:00,284.2473196615738,Residential,4746,440
R1,2025-12-11 12:00:00,331.0470751173016,Residential,6781,300
R2,2025-12-11 12:00:00,130.97183913856102,Commercial,7086,450
R3,2025-12-11 12:00:00,236.99777948708092,Residential,7624,400
R4,2025-12-11 12:00:00,344.61295666574904,Residential,4746,440
R1,2025-12-11 13:00:00,156.53649974151253,Residential,6781,300
R2,2025-12-11 13:00:00,327.1602593984314,Commercial,7086,450
R3,2025-12-11 13:00:00,325.16184004176796,Residential,7624,400
R4,2025-12-11 13:00:00,218.57955091071858,Residential,4746,440
R1,2025-12-11 14:00:00,346.7445216136027,Residential,6781,300
R2,2025-12-11 14:00:00,253.32076616291178,Commercial,7086,450
R3,2025-12-11 14:00:00,279.528170125479,Residential,7624,400
R4,2025-12-11 14:00:00,353.7091489553004,Residential,4746,440
R1,2025-12-11 15:00:00,350.59599291222,Residential,6781,300
R2,2025-12-11 15:00:00,167.29193254557947,Commercial,7086,450
R3,2025-12-11 15:00:00,297.69981443486074,Residential,7624,400
R4,2025-12-11 15:00:00,214.24340922619692,Residential,4746,440
R1,2025-12-11 16:00:00,125.3354497551021,Residential,6781,300
R2,2025-12-11 16:00:00,128.9013382136544,Commercial,7086,450
R3,2025-12-11 16:00:00,250.70974499051368,Residential,7624,400
R4,2025-12-11 16:00:00,120.03025153544382,Residential,4746,440
R1,2025-12-11 17:00:00,271.12372108636185,Residential,6781,300
R2,2025-12-11 17:00:00,331.26552324417065,Commercial,7086,450
R3,2025-12-11 17:00:00,210.92103374379562,Residential,7624,400
R4,2025-12-11 17:00:00,183.26223766584593,Residential,4746,440
R1,2025-12-11 18:00:00,309.7994492574197,Residential,6781,300
R2,2025-12-11 18:00:00,119.05390261079387,Commercial,7086,450
R3,2025-12-11 18:00:00,318.8476124548482,Residential,7624,400
R4,2025-12-11 18:00:00,107.68187733393056,Residential,4746,440
R1,2025-12-11 19:00:00,240.107550443377,Residential,6781,300
R2,2025-12-11 19:00:00,128.72494512498696,Commercial,7086,450
R3,2025-12-11 19:00:00,248.14775779502867,Residential,7624,400
R4,2025-12-11 19:00:00,170.28633661404137,Residential,4746,440
R1,2025-12-11 20:00:00,134.71019115781613,Residential,6781,300
R2,2025-12-11 20:00:00,110.98078782241032,Commercial,7086,450
R3,2025-12-11 20:00:00,241.8486570756461,Residential,7624,400
R4,2025-12-11 20:00:00,374.7744148490129,Residential,4746,440
R1,2025-12-11 21:00:00,347.1082000986017,Residential,6781,300
R2,2025-12-11 21:00:00,133.9305229728282,Commercial,7086,450
R3,2025-12-11 21:00:00,137.84620723226152,Residential,7624,400
R4,2025-12-11 21:00:00,342.5731636887915,Residential,4746,440
R1,2025-12-11 22:00:00,184.61694741770177,Residential,6781,300
R2,2025-12-11 22:00:00,393.7321037702254,Commercial,7086,450
R3,2025-12-11 22:00:00,166.7816617128108,Residential,7624,400
R4,2025-12-11 22:00:00,261.62619738639887,Residential,4746,440
R1,2025-12-11 23:00:00,110.98391971527242,Residential,6781,300
R2,2025-12-11 23:00:00,115.74543539154838,Commercial,7086,450
R3,2025-12-11 23:00:00,215.85022067988277,Residential,7624,400
R4,2025-12-11 23:00:00,323.8341648151943,Residential,4746,440
R1,2025-12-12 00:00:00,130.48503701437772,Residential,6781,300
R2,2025-12-12 00:00:00,379.2253320061515,Commercial,7086,450
R3,2025-12-12 00:00:00,239.9927091735628,Residential,7624,400
R4,2025-12-12 00:00:00,165.09656129842097,Residential,4746,440
R1,2025-12-12 01:00:00,368.1237534446102,Residential,6781,300
R2,2025-12-12 01:00:00,91.41913022640495,Commercial,7086,450
R3,2025-12-12 01:00:00,312.0238021360009,Residential,7624,400
R4,2025-12-12 01:00:00,114.42031379474815,Residential,4746,440
R1,2025-12-12 02:00:00,123.16126886805091,Residential,6781,300
R2,2025-12-12 02:00:00,356.37757821720834,Commercial,7086,450
R3,2025-12-12 02:00:00,307.32273567249166,Residential,7624,400
R4,2025-12-12 02:00:00,111.60691054106681,Residential,4746,440
R1,2025-12-12 03:00:00,204.44705164187747,Residential,6781,300
R2,2025-12-12 03:00:00,225.5810134659785,Commercial,7086,450
R3,2025-12-12 03:00:00,315.81142059972444,Residential,7624,400
R4,2025-12-12 03:00:00,214.30130630486386,Residential,4746,440
R1,2025-12-12 04:00:00,366.1373178439869,Residential,6781,300
R2,2025-12-12 04:00:00,165.48919313995617,Commercial,7086,450
R3,2025-12-12 04:00:00,242.6488257390492,Residential,7624,400
R4,2025-12-12 04:00:00,200.53958821320498,Residential,4746,440
R1,2025-12-12 05:00:00,359.0533098032896,Residential,6781,300
R2,2025-12-12 05:00:00,202.53255229640536,Commercial,7086,450
R3,2025-12-12 05:00:00,163.85067948712316,Residential,7624,400
R4,2025-12-12 05:00:00,108.60673002826371,Residential,4746,440
R1,2025-12-12 06:00:00,118.64077496052914,Residential,6781,300
R2,2025-12-12 06:00:00,164.67682840645605,Commercial,7086,450
R3,2025-12-12 06:00:00,337.59213619425367,Residential,7624,400
R4,2025-12-12 06:00:00,127.27551386587706,Residential,4746,440
R1,2025-12-12 07:00:00,332.89401057216935,Residential,6781,300
R2,2025-12-12 07:00:00,372.277531559007,Commercial,7086,450
R3,2025-12-12 07:00:00,116.41840635922276,Residential,7624,400
R4,2025-12-12 07:00:00,184.66647822286447,Residential,4746,440
R1,2025-12-12 08:00:00,106.60185816562947,Residential,6781,300
R2,2025-12-12 08:00:00,173.8004836674947,Commercial,7086,450
R3,2025-12-12 08:00:00,214.61419298711797,Residential,7624,400
R4,2025-12-12 08:00:00,220.5046163938273,Residential,4746,440
R1,2025-12-12 09:00:00,138.76759860441805,Residential,6781,300
R2,2025-12-12 09:00:00,298.73417234579756,Commercial,7086,450
R3,2025-12-12 09:00:00,212.37234814858905,Residential,7624,400
R4,2025-12-12 09:00:00,209.91988999775617,Residential,4746,440
R1,2025-12-12 10:00:00,204.06464403898698,Residential,6781,300
R2,2025-12-12 10:00:00,322.8172247209234,Commercial,7086,450
R3,2025-12-12 10:00:00,260.9731643329508,Residential,7624,400
R4,2025-12-12 10:00:00,101.918532516614,Residential,4746,440
R1,2025-12-12 11:00:00,264.0939223894512,Residential,6781,300
R2,2025-12-12 11:00:00,271.2487071059286,Commercial,7086,450
R3,2025-12-12 11:00:00,380.4774819009374,Residential,7624,400
R4,2025-12-12 11:00:00,104.20752007053824,Residential,4746,440
R1,2025-12-12 12:00:00,306.17319234355165,Residential,6781,300
R2,2025-12-12 12:00:00,135.6679579917821,Commercial,7086,450
R3,2025-12-12 12:00:00,368.9956038621207,Residential,7624,400
R4,2025-12-12 12:00:00,315.7535894807421,Residential,4746,440
R1,2025-12-12 13:00:00,155.13728542054153,Residential,6781,300
R2,2025-12-12 13:00:00,195.81245499056408,Commercial,7086,450
R3,2025-12-12 13:00:00,109.04429976218893,Residential,7624,400
R4,2025-12-12 13:00:00,378.4831558428322,Residential,4746,440
R1,2025-12-12 14:00:00,167.58551766378136,Residential,6781,300
R2,2025-12-12 14:00:00,333.723229242314,Commercial,7086,450
R3,2025-12-12 14:00:00,216.37755809137334,Residential,7624,400
R4,2025-12-12 14:00:00,81.61106027554365,Residential,4746,440
R1,2025-12-12 15:00:00,128.74255358494577,Residential,6781,300
R2,2025-12-12 15:00:00,145.47479788809497,Commercial,7086,450
R3,2025-12-12 15:00:00,212.9107018694886,Residential,7624,400
R4,2025-12-12 15:00:00,270.08164462063695,Residential,4746,440
R1,2025-12-12 16:00:00,124.3601174050761,Residential,6781,300
R2,2025-12-12 16:00:00,101.43134550617492,Commercial,7086,450
R3,2025-12-12 16:00:00,240.958413734331,Residential,7624,400
R4,2025-12-12 16:00:00,149.8249509811998,Residential,4746,440
R1,2025-12-12 17:00:00,352.52985148611936,Residential,6781,300
R2,2025-12-12 17:00:00,158.33787783390488,Commercial,7086,450
R3,2025-12-12 17:00:00,344.6472522952349,Residential,7624,400
R4,2025-12-12 17:00:00,234.41236881086186,Residential,4746,440
R1,2025-12-12 18:00:00,153.82735258990277,Residential,6781,300
R2,2025-12-12 18:00:00,223.17229280767305,Commercial,7086,450
R3,2025-12-12 18:00:00,397.32837715243994,Residential,7624,400
R4,2025-12-12 18:00:00,204.3864604212451,Residential,4746,440
R1,2025-12-12 19:00:00,90.29200683308893,Residential,6781,300
R2,2025-12-12 19:00:00,153.39869966262708,Commercial,7086,450
R3,2025-12-12 19:00:00,81.07765097434452,Residential,7624,400
R4,2025-12-12 19:00:00,273.98700888201427,Residential,4746,440
R1,2025-12-12 20:00:00,92.87647473533404,Residential,6781,300
R2,2025-12-12 20:00:00,374.59394528196907,Commercial,7086,450
R3,2025-12-12 20:00:00,94.82640861660919,Residential,7624,400
R4,2025-12-12 20:00:00,332.96029067752835,Residential,4746,440
R1,2025-12-12 21:00:00,387.6584544619181,Residential,6781,300
R2,2025-12-12 21:00:00,362.9623748993859,Commercial,7086,450
R3,2025-12-12 21:00:00,126.21721396355944,Residential,7624,400
R4,2025-12-12 21:00:00,322.11930782932575,Residential,4746,440
R1,2025-12-12 22:00:00,371.644414980162,Residential,6781,300
R2,2025-12-12 22:00:00,293.92458984876896,Commercial,7086,450
R3,2025-12-12 22:00:00,373.5585971025644,Residential,7624,400
R4,2025-12-12 22:00:00,342.85130845108336,Residential,4746,440
R1,2025-12-12 23:00:00,189.75886418367057,Residential,6781,300
R2,2025-12-12 23:00:00,231.14094668705533,Commercial,7086,450
R3,2025-12-12 23:00:00,155.02218415038516,Residential,7624,400
R4,2025-12-12 23:00:00,217.39321238171135,Residential,4746,440
R1,2025-12-13 00:00:00,357.997604371651,Residential,6781,300
R2,2025-12-13 00:00:00,186.96571999424458,Commercial,7086,450
R3,2025-12-13 00:00:00,220.71946415840043,Residential,7624,400
R4,2025-12-13 00:00:00,364.6713940138341,Residential,4746,440
R1,2025-12-13 01:00:00,247.26411671541624,Residential,6781,300
R2,2025-12-13 01:00:00,155.66750915431996,Commercial,7086,450
R3,2025-12-13 01:00:00,219.76131740370988,Residential,7624,400
R4,2025-12-13 01:00:00,156.7322035365908,Residential,4746,440
R1,2025-12-13 02:00:00,303.37006309689957,Residential,6781,300
R2,2025-12-13 02:00:00,243.76998167579808,Commercial,7086,450
R3,2025-12-13 02:00:00,117.83785054854867,Residential,7624,400
R4,2025-12-13 02:00:00,251.35581463949308,Residential,4746,440
R1,2025-12-13 03:00:00,269.9694167086403,Residential,6781,300
R2,2025-12-13 03:00:00,132.09262242025775,Commercial,7086,450
R3,2025-12-13 03:00:00,259.9456567297887,Residential,7624,400
R4,2025-12-13 03:00:00,248.53049413862823,Residential,4746,440
R1,2025-12-13 04:00:00,315.4622486504454,Residential,6781,300
R2,2025-12-13 04:00:00,320.5298758933887,Commercial,7086,450
R3,2025-12-13 04:00:00,305.72225083573636,Residential,7624,400
R4,2025-12-13 04:00:00,271.2577367942872,Residential,4746,440
R1,2025-12-13 05:00:00,376.6335541264737,Residential,6781,300
R2,2025-12-13 05:00:00,348.14510314207524,Commercial,7086,450
R3,2025-12-13 05:00:00,155.89195563672462,Residential,7624,400
R4,2025-12-13 05:00:00,344.918826160948,Residential,4746,440
R1,2025-12-13 06:00:00,328.5822955357255,Residential,6781,300
R2,2025-12-13 06:00:00,156.17067537609086,Commercial,7086,450
R3,2025-12-13 06:00:00,260.3512635082178,Residential,7624,400
R4,2025-12-13 06:00:00,294.30620148083653,Residential,4746,440
R1,2025-12-13 07:00:00,156.32671842584523,Residential,6781,300
R2,2025-12-13 07:00:00,163.98561757856186,Commercial,7086,450
R3,2025-12-13 07:00:00,151.2943235418379,Residential,7624,400
R4,2025-12-13 07:00:00,82.32948087961728,Residential,4746,440
R1,2025-12-13 08:00:00,375.31885244756694,Residential,6781,300
R2,2025-12-13 08:00:00,196.98580456494307,Commercial,7086,450
R3,2025-12-13 08:00:00,246.97275725316132,Residential,7624,400
R4,2025-12-13 08:00:00,246.50298634812498,Residential,4746,440
R1,2025-12-13 09:00:00,114.87902568225458,Residential,6781,300
R2,2025-12-13 09:00:00,281.0467879406129,Commercial,7086,450
R3,2025-12-13 09:00:00,181.5281499164215,Residential,7624,400
R4,2025-12-13 09:00:00,132.5570127714223,Residential,4746,440
R1,2025-12-13 10:00:00,162.9716483449022,Residential,6781,300
R2,2025-12-13 10:00:00,83.53649637190557,Commercial,7086,450
R3,2025-12-13 10:00:00,152.79323039594115,Residential,7624,400
R4,2025-12-13 10:00:00,296.5898535987367,Residential,4746,440
R1,2025-12-13 11:00:00,195.14190990314512,Residential,6781,300
R2,2025-12-13 11:00:00,144.10856966627446,Commercial,7086,450
R3,2025-12-13 11:00:00,244.49121114674625,Residential,7624,400
R4,2025-12-13 11:00:00,192.85740963822934,Residential,4746,440
R1,2025-12-13 12:00:00,319.2635409843682,Residential,6781,300
R2,2025-12-13 12:00:00,167.4867570005371,Commercial,7086,450
R3,2025-12-13 12:00:00,272.87758759545954,Residential,7624,400
R4,2025-12-13 12:00:00,138.70189163444854,Residential,4746,440
R1,2025-12-13 13:00:00,271.52357652646003,Residential,6781,300
R2,2025-12-13 13:00:00,250.1294665827251,Commercial,7086,450
R3,2025-12-13 13:00:00,151.20470054114145,Residential,7624,400
R4,2025-12-13 13:00:00,134.37763283396467,Residential,4746,440
R1,2025-12-13 14:00:00,167.60905837219045,Residential,6781,300
R2,2025-12-13 14:00:00,141.88495144177017,Commercial,7086,450
R3,2025-12-13 14:00:00,128.76386197779237,Residential,7624,400
R4,2025-12-13 14:00:00,283.5941783732295,Residential,4746,440
R1,2025-12-13 15:00:00,113.92493185535744,Residential,6781,300
R2,2025-12-13 15:00:00,355.6273975244604,Commercial,7086,450
R3,2025-12-13 15:00:00,283.10726664446804,Residential,7624,400
R4,2025-12-13 15:00:00,321.4709124730076,Residential,4746,440
R1,2025-12-13 16:00:00,106.64404141674777,Residential,6781,300
R2,2025-12-13 16:00:00,266.9694862248065,Commercial,7086,450
R3,2025-12-13 16:00:00,167.97050071805572,Residential,7624,400
R4,2025-12-13 16:00:00,115.28324550680338,Residential,4746,440
R1,2025-12-13 17:00:00,188.07104422982033,Residential,6781,300
R2,2025-12-13 17:00:00,145.3259191649407,Commercial,7086,450
R3,2025-12-13 17:00:00,372.2159036864967,Residential,7624,400
R4,2025-12-13 17:00:00,116.11703955982854,Residential,4746,440
R1,2025-12-13 18:00:00,120.50552678869593,Residential,6781,300
R2,2025-12-13 18:00:00,312.70546588185977,Commercial,7086,450
R3,2025-12-13 18:00:00,386.8389520354821,Residential,7624,400
R4,2025-12-13 18:00:00,331.20951556219177,Residential,4746,440
R1,2025-12-13 19:00:00,210.9058162776225,Residential,6781,300
R2,2025-12-13 19:00:00,204.42656808025177,Commercial,7086,450
R3,2025-12-13 19:00:00,209.35805039762676,Residential,7624,400
R4,2025-12-13 19:00:00,135.57172687410994,Residential,4746,440
R1,2025-12-13 20:00:00,372.728115406136,Residential,6781,300
R2,2025-12-13 20:00:00,164.438092575482,Commercial,7086,450
R3,2025-12-13 20:00:00,371.5073756770402,Residential,7624,400
R4,2025-12-13 20:00:00,185.89719256765267,Residential,4746,440
R1,2025-12-13 21:00:00,158.6330714597891,Residential,6781,300
R2,2025-12-13 21:00:00,226.7717067203073,Commercial,7086,450
R3,2025-12-13 21:00:00,229.37870256878375,Residential,7624,400
R4,2025-12-13 21:00:00,296.87105076004906,Residential,4746,440
R1,2025-12-13 22:00:00,307.78712696967426,Residential,6781,300
R2,2025-12-13 22:00:00,317.0528309136312,Commercial,7086,450
R3,2025-12-13 22:00:00,375.0378539782728,Residential,7624,400
R4,2025-12-13 22:00:00,81.25191249215132,Residential,4746,440
R1,2025-12-13 23:00:00,260.92314967142545,Residential,6781,300
R2,2025-12-13 23:00:00,270.01497659467003,Commercial,7086,450
R3,2025-12-13 23:00:00,111.17480428179053,Residential,7624,400
R4,2025-12-13 23:00:00,262.0370625097042,Residential,4746,440
R1,2025-12-14 00:00:00,316.4277234227342,Residential,6781,300
R2,2025-12-14 00:00:00,253.97605348379673,Commercial,7086,450
R3,2025-12-14 00:00:00,349.28020901265296,Residential,7624,400
R4,2025-12-14 00:00:00,207.4521104243314,Residential,4746,440
R1,2025-12-14 01:00:00,342.13815920467147,Residential,6781,300
R2,2025-12-14 01:00:00,186.97744432593106,Commercial,7086,450
R3,2025-12-14 01:00:00,311.81194732127045,Residential,7624,400
R4,2025-12-14 01:00:00,353.1973606859416,Residential,4746,440
R1,2025-12-14 02:00:00,254.56954213098027,Residential,6781,300
R2,2025-12-14 02:00:00,104.40910867471064,Commercial,7086,450
R3,2025-12-14 02:00:00,86.21149285451779,Residential,7624,400
R4,2025-12-14 02:00:00,139.2003546921233,Residential,4746,440
R1,2025-12-14 03:00:00,188.67627152838963,Residential,6781,300
R2,2025-12-14 03:00:00,160.48323593291084,Commercial,7086,450
R3,2025-12-14 03:00:00,171.0643447112001,Residential,7624,400
R4,2025-12-14 03:00:00,365.66135131190777,Residential,4746,440
R1,2025-12-14 04:00:00,91.29820216281246,Residential,6781,300
R2,2025-12-14 04:00:00,226.46865887431656,Commercial,7086,450
R3,2025-12-14 04:00:00,174.28013401241384,Residential,7624,400
R4,2025-12-14 04:00:00,280.49260174027154,Residential,4746,440
R1,2025-12-14 05:00:00,197.69203787410424,Residential,6781,300
R2,2025-12-14 05:00:00,331.20654743069355,Commercial,7086,450
R3,2025-12-14 05:00:00,246.40210483405946,Residential,7624,400
R4,2025-12-14 05:00:00,204.78949640252577,Residential,4746,440
R1,2025-12-14 06:00:00,351.0717691256922,Residential,6781,300
R2,2025-12-14 06:00:00,123.21263000049004,Commercial,7086,450
R3,2025-12-14 06:00:00,307.31465391201255,Residential,7624,400
R4,2025-12-14 06:00:00,166.99261274888772,Residential,4746,440
R1,2025-12-14 07:00:00,228.6747113430644,Residential,6781,300
R2,2025-12-14 07:00:00,93.37647767032163,Commercial,7086,450
R3,2025-12-14 07:00:00,142.06086603331784,Residential,7624,400
R4,2025-12-14 07:00:00,321.5399933685385,Residential,4746,440
R1,2025-12-14 08:00:00,117.09342694990902,Residential,6781,300
R2,2025-12-14 08:00:00,364.1958824920862,Commercial,7086,450
R3,2025-12-14 08:00:00,361.99523588192415,Residential,7624,400
R4,2025-12-14 08:00:00,246.5318656365398,Residential,4746,440
R1,2025-12-14 09:00:00,212.02069885594,Residential,6781,300
R2,2025-12-14 09:00:00,333.82154227471966,Commercial,7086,450
R3,2025-12-14 09:00:00,238.10979358109677,Residential,7624,400
R4,2025-12-14 09:00:00,305.0448587486745,Residential,4746,440
R1,2025-12-14 10:00:00,206.82588870192814,Residential,6781,300
R2,2025-12-14 10:00:00,323.02116252705576,Commercial,7086,450
R3,2025-12-14 10:00:00,180.22966872515286,Residential,7624,400
R4,2025-12-14 10:00:00,338.6251030644067,Residential,4746,440
R1,2025-12-14 11:00:00,142.57174692534795,Residential,6781,300
R2,2025-12-14 11:00:00,249.99139548336962,Commercial,7086,450
R3,2025-12-14 11:00:00,372.4865426477603,Residential,7624,400
R4,2025-12-14 11:00:00,357.4892486025727,Residential,4746,440
R1,2025-12-14 12:00:00,149.37082637594222,Residential,6781,300
R2,2025-12-14 12:00:00,154.4947800183782,Commercial,7086,450
R3,2025-12-14 12:00:00,335.7047266459905,Residential,7624,400
R4,2025-12-14 12:00:00,120.66756802184375,Residential,4746,440
R1,2025-12-14 13:00:00,245.38489147184043,Residential,6781,300
R2,2025-12-14 13:00:00,353.34890871898426,Commercial,7086,450
R3,2025-12-14 13:00:00,172.85851238690583,Residential,7624,400
R4,2025-12-14 13:00:00,366.67591735890744,Residential,4746,440
R1,2025-12-14 14:00:00,188.73008596185696,Residential,6781,300
R2,2025-12-14 14:00:00,209.72842722071024,Commercial,7086,450
R3,2025-12-14 14:00:00,200.69211572174507,Residential,7624,400
R4,2025-12-14 14:00:00,333.13424186522,Residential,4746,440
R1,2025-12-14 15:00:00,204.90843930274275,Residential,6781,300
R2,2025-12-14 15:00:00,138.496373081593,Commercial,7086,450
R3,2025-12-14 15:00:00,268.46806377796133,Residential,7624,400
R4,2025-12-14 15:00:00,391.2987205569403,Residential,4746,440
R1,2025-12-14 16:00:00,351.608756991732,Residential,6781,300
R2,2025-12-14 16:00:00,190.9047327277817,Commercial,7086,450
R3,2025-12-14 16:00:00,199.2410758778573,Residential,7624,400
R4,2025-12-14 16:00:00,263.90125331964043,Residential,4746,440
R1,2025-12-14 17:00:00,195.9604824296165,Residential,6781,300
R2,2025-12-14 17:00:00,367.68978897601124,Commercial,7086,450
R3,2025-12-14 17:00:00,271.36258055270696,Residential,7624,400
R4,2025-12-14 17:00:00,148.28117249265347,Residential,4746,440
R1,2025-12-14 18:00:00,358.9657768486671,Residential,6781,300
R2,2025-12-14 18:00:00,227.52579337245118,Commercial,7086,450
R3,2025-12-14 18:00:00,100.85055173312156,Residential,7624,400
R4,2025-12-14 18:00:00,351.83342820382444,Residential,4746,440
R1,2025-12-14 19:00:00,261.08192498205506,Residential,6781,300
R2,2025-12-14 19:00:00,233.37184244265987,Commercial,7086,450
R3,2025-12-14 19:00:00,126.03699857256044,Residential,7624,400
R4,2025-12-14 19:00:00,289.2640758844194,Residential,4746,440
R1,2025-12-14 20:00:00,112.51183533803655,Residential,6781,300
R2,2025-12-14 20:00:00,93.12883538500844,Commercial,7086,450
R3,2025-12-14 20:00:00,273.9076030344319,Residential,7624,400
R4,2025-12-14 20:00:00,389.23546951605283,Residential,4746,440
R1,2025-12-14 21:00:00,124.73687456559169,Residential,6781,300
R2,2025-12-14 21:00:00,321.71817027960145,Commercial,7086,450
R3,2025-12-14 21:00:00,205.64907535342442,Residential,7624,400
R4,2025-12-14 21:00:00,258.3646140017894,Residential,4746,440
R1,2025-12-14 22:00:00,375.4053219544617,Residential,6781,300
R2,2025-12-14 22:00:00,114.03203152485548,Commercial,7086,450
R3,2025-12-14 22:00:00,215.96059825453045,Residential,7624,400
R4,2025-12-14 22:00:00,304.5050906585344,Residential,4746,440
R1,2025-12-14 23:00:00,364.56521542770383,Residential,6781,300
R2,2025-12-14 23:00:00,286.28348705791876,Commercial,7086,450
R3,2025-12-14 23:00:00,323.16391045878765,Residential,7624,400
R4,2025-12-14 23:00:00,383.4588364542231,Residential,4746,440
R1,2025-12-15 00:00:00,347.775685904591,Residential,6781,300
R2,2025-12-15 00:00:00,103.31333837303606,Commercial,7086,450
R3,2025-12-15 00:00:00,236.33698342628693,Residential,7624,400
R4,2025-12-15 00:00:00,128.97402000938473,Residential,4746,440
R1,2025-12-15 01:00:00,381.5418511540244,Residential,6781,300
R2,2025-12-15 01:00:00,342.62086488952224,Commercial,7086,450
R3,2025-12-15 01:00:00,360.20432336581075,Residential,7624,400
R4,2025-12-15 01:00:00,172.31441872463589,Residential,4746,440
R1,2025-12-15 02:00:00,81.36534853619722,Residential,6781,300
R2,2025-12-15 02:00:00,116.83577718018466,Commercial,7086,450
R3,2025-12-15 02:00:00,327.85284047384596,Residential,7624,400
R4,2025-12-15 02:00:00,195.51185960071493,Residential,4746,440
R1,2025-12-15 03:00:00,179.67395839652337,Residential,6781,300
R2,2025-12-15 03:00:00,186.14747665842322,Commercial,7086,450
R3,2025-12-15 03:00:00,139.68532076490658,Residential,7624,400
R4,2025-12-15 03:00:00,308.3223481429053,Residential,4746,440
R1,2025-12-15 04:00:00,282.7625197872227,Residential,6781,300
R2,2025-12-15 04:00:00,133.16973259393635,Commercial,7086,450
R3,2025-12-15 04:00:00,293.4670170804124,Residential,7624,400
R4,2025-12-15 04:00:00,380.8471155688655,Residential,4746,440
R1,2025-12-15 05:00:00,298.40970529712706,Residential,6781,300
R2,2025-12-15 05:00:00,94.89322075844079,Commercial,7086,450
R3,2025-12-15 05:00:00,86.59726029063745,Residential,7624,400
R4,2025-12-15 05:00:00,273.40419396027323,Residential,4746,440
R1,2025-12-15 06:00:00,112.34925743277358,Residential,6781,300
R2,2025-12-15 06:00:00,266.1896762086083,Commercial,7086,450
R3,2025-12-15 06:00:00,139.3721089588413,Residential,7624,400
R4,2025-12-15 06:00:00,261.75330467051583,Residential,4746,440
R1,2025-12-15 07:00:00,80.30266100231003,Residential,6781,300
R2,2025-12-15 07:00:00,268.2890865020548,Commercial,7086,450
R3,2025-12-15 07:00:00,114.92215047083928,Residential,7624,400
R4,2025-12-15 07:00:00,296.72694768298084,Residential,4746,440
R1,2025-12-15 08:00:00,180.52053274026184,Residential,6781,300
R2,2025-12-15 08:00:00,242.38746003744865,Commercial,7086,450
R3,2025-12-15 08:00:00,203.1119064944267,Residential,7624,400
R4,2025-12-15 08:00:00,275.6336694911965,Residential,4746,440
R1,2025-12-15 09:00:00,172.4494088494494,Residential,6781,300
R2,2025-12-15 09:00:00,216.59149682264382,Commercial,7086,450
R3,2025-12-15 09:00:00,87.53471579899951,Residential,7624,400
R4,2025-12-15 09:00:00,183.48873095594968,Residential,4746,440
R1,2025-12-15 10:00:00,334.9422382868298,Residential,6781,300
R2,2025-12-15 10:00:00,323.5846572727927,Commercial,7086,450
R3,2025-12-15 10:00:00,182.12322884402056,Residential,7624,400
R4,2025-12-15 10:00:00,157.93435494151268,Residential,4746,440
R1,2025-12-15 11:00:00,314.7788214332252,Residential,6781,300
R2,2025-12-15 11:00:00,266.7781606368641,Commercial,7086,450
R3,2025-12-15 11:00:00,368.41196709678894,Residential,7624,400
R4,2025-12-15 11:00:00,253.5364341319571,Residential,4746,440
R1,2025-12-15 12:00:00,246.42132756142277,Residential,6781,300
R2,2025-12-15 12:00:00,270.8181696642835,Commercial,7086,450
R3,2025-12-15 12:00:00,331.5592944732654,Residential,7624,400
R4,2025-12-15 12:00:00,267.1486919164332,Residential,4746,440
R1,2025-12-15 13:00:00,83.4364020736653,Residential,6781,300
R2,2025-12-15 13:00:00,200.8541387019429,Commercial,7086,450
R3,2025-12-15 13:00:00,94.22711603055217,Residential,7624,400
R4,2025-12-15 13:00:00,142.3135745407113,Residential,4746,440
R1,2025-12-15 14:00:00,369.5055180659573,Residential,6781,300
R2,2025-12-15 14:00:00,340.63110830835336,Commercial,7086,450
R3,2025-12-15 14:00:00,345.26584694274646,Residential,7624,400
R4,2025-12-15 14:00:00,389.7961069971087,Residential,4746,440
R1,2025-12-15 15:00:00,114.6930291971011,Residential,6781,300
R2,2025-12-15 15:00:00,280.8337589362035,Commercial,7086,450
R3,2025-12-15 15:00:00,81.73995939447548,Residential,7624,400
R4,2025-12-15 15:00:00,397.9252981453083,Residential,4746,440
R1,2025-12-15 16:00:00,158.3235648948915,Residential,6781,300
R2,2025-12-15 16:00:00,270.730852376586,Commercial,7086,450
R3,2025-12-15 16:00:00,265.4381029164866,Residential,7624,400
R4,2025-12-15 16:00:00,145.81262364063144,Residential,4746,440
R1,2025-12-15 17:00:00,301.58725024981374,Residential,6781,300
R2,2025-12-15 17:00:00,137.2327382624803,Commercial,7086,450
R3,2025-12-15 17:00:00,224.2666496016905,Residential,7624,400
R4,2025-12-15 17:00:00,293.2673106030302,Residential,4746,440
R1,2025-12-15 18:00:00,356.2919580464146,Residential,6781,300
R2,2025-12-15 18:00:00,89.01687518674305,Commercial,7086,450
R3,2025-12-15 18:00:00,174.1461705710122,Residential,7624,400
R4,2025-12-15 18:00:00,130.02469166122762,Residential,4746,440
R1,2025-12-15 19:00:00,135.96182669566443,Residential,6781,300
R2,2025-12-15 19:00:00,219.36463470927612,Commercial,7086,450
R3,2025-12-15 19:00:00,358.83915322718855,Residential,7624,400
R4,2025-12-15 19:00:00,131.06402327930567,Residential,4746,440
R1,2025-12-15 20:00:00,208.78266362402996,Residential,6781,300
R2,2025-12-15 20:00:00,84.1040752956333,Commercial,7086,450
R3,2025-12-15 20:00:00,389.1406258624624,Residential,7624,400
R4,2025-12-15 20:00:00,99.77512177390714,Residential,4746,440
R1,2025-12-15 21:00:00,311.1467985435453,Residential,6781,300
R2,2025-12-15 21:00:00,125.50607151560212,Commercial,7086,450
R3,2025-12-15 21:00:00,162.46922012846738,Residential,7624,400
R4,2025-12-15 21:00:00,363.6495874805484,Residential,4746,440
R1,2025-12-15 22:00:00,116.54185547872594,Residential,6781,300
R2,2025-12-15 22:00:00,340.97794384301983,Commercial,7086,450
R3,2025-12-15 22:00:00,323.5375385827131,Residential,7624,400
R4,2025-12-15 22:00:00,128.32528417316342,Residential,4746,440
R1,2025-12-15 23:00:00,252.85553293536248,Residential,6781,300
R2,2025-12-15 23:00:00,135.44795625366248,Commercial,7086,450
R3,2025-12-15 23:00:00,285.1956315189081,Residential,7624,400
R4,2025-12-15 23:00:00,399.6402562385198,Residential,4746,440
R1,2025-12-16 00:00:00,395.9624362973782,Residential,6781,300
R2,2025-12-16 00:00:00,175.5983215827094,Commercial,7086,450
R3,2025-12-16 00:00:00,258.6833976193471,Residential,7624,400
R4,2025-12-16 00:00:00,122.6444882639462,Residential,4746,440
R1,2025-12-16 01:00:00,173.2605051038576,Residential,6781,300
R2,2025-12-16 01:00:00,398.47980971884493,Commercial,7086,450
R3,2025-12-16 01:00:00,355.9273359468892,Residential,7624,400
R4,2025-12-16 01:00:00,94.2836734280985,Residential,4746,440
R1,2025-12-16 02:00:00,374.6229496660776,Residential,6781,300
R2,2025-12-16 02:00:00,162.9248556773089,Commercial,7086,450
R3,2025-12-16 02:00:00,304.6735999987495,Residential,7624,400
R4,2025-12-16 02:00:00,253.6120391229143,Residential,4746,440
R1,2025-12-16 03:00:00,363.16107753287406,Residential,6781,300
R2,2025-12-16 03:00:00,285.8685977601867,Commercial,7086,450
R3,2025-12-16 03:00:00,176.4829370023267,Residential,7624,400
R4,2025-12-16 03:00:00,195.0057795083325,Residential,4746,440
R1,2025-12-16 04:00:00,340.0175873697015,Residential,6781,300
R2,2025-12-16 04:00:00,367.3149386742493,Commercial,7086,450
R3,2025-12-16 04:00:00,173.99593178818543,Residential,7624,400
R4,2025-12-16 04:00:00,132.20900999961913,Residential,4746,440
R1,2025-12-16 05:00:00,193.9785163654545,Residential,6781,300
R2,2025-12-16 05:00:00,325.6907786486559,Commercial,7086,450
R3,2025-12-16 05:00:00,187.4762207354441,Residential,7624,400
R4,2025-12-16 05:00:00,265.31170641451683,Residential,4746,440
R1,2025-12-16 06:00:00,356.8164796354837,Residential,6781,300
R2,2025-12-16 06:00:00,396.9007546191591,Commercial,7086,450
R3,2025-12-16 06:00:00,150.2894670408149,Residential,7624,400
R4,2025-12-16 06:00:00,374.9318448007022,Residential,4746,440
R1,2025-12-16 07:00:00,238.89019971655372,Residential,6781,300
R2,2025-12-16 07:00:00,335.70546610659454,Commercial,7086,450
R3,2025-12-16 07:00:00,82.61986781081009,Residential,7624,400
R4,2025-12-16 07:00:00,266.13012412874633,Residential,4746,440
R1,2025-12-16 08:00:00,164.91833727712046,Residential,6781,300
R2,2025-12-16 08:00:00,284.7806785179787,Commercial,7086,450
R3,2025-12-16 08:00:00,272.98142989259,Residential,7624,400
R4,2025-12-16 08:00:00,300.7951208865238,Residential,4746,440
R1,2025-12-16 09:00:00,84.93443633565659,Residential,6781,300
R2,2025-12-16 09:00:00,375.5824882302573,Commercial,7086,450
R3,2025-12-16 09:00:00,177.02257141014178,Residential,7624,400
R4,2025-12-16 09:00:00,304.0176151982348,Residential,4746,440
R1,2025-12-16 10:00:00,252.18553304998147,Residential,6781,300
R2,2025-12-16 10:00:00,215.53783091227788,Commercial,7086,450
R3,2025-12-16 10:00:00,177.68385014223466,Residential,7624,400
R4,2025-12-16 10:00:00,95.90716658054241,Residential,4746,440
R1,2025-12-16 11:00:00,158.18811357664663,Residential,6781,300
R2,2025-12-16 11:00:00,333.7746285253822,Commercial,7086,450
R3,2025-12-16 11:00:00,317.11402446941645,Residential,7624,400
R4,2025-12-16 11:00:00,379.258946897942,Residential,4746,440
R1,2025-12-16 12:00:00,395.5563413342119,Residential,6781,300
R2,2025-12-16 12:00:00,90.56195715801081,Commercial,7086,450
R3,2025-12-16 12:00:00,328.6008550714216,Residential,7624,400
R4,2025-12-16 12:00:00,374.470813679765,Residential,4746,440
R1,2025-12-16 13:00:00,129.27212913639397,Residential,6781,300
R2,2025-12-16 13:00:00,158.65358379468162,Commercial,7086,450
R3,2025-12-16 13:00:00,133.40576276510293,Residential,7624,400
R4,2025-12-16 13:00:00,273.3522064020648,Residential,4746,440
R1,2025-12-16 14:00:00,390.93297707761155,Residential,6781,300
R2,2025-12-16 14:00:00,299.5639777204643,Commercial,7086,450
R3,2025-12-16 14:00:00,183.0094618425196,Residential,7624,400
R4,2025-12-16 14:00:00,194.19709192265674,Residential,4746,440
R1,2025-12-16 15:00:00,189.50304052605242,Residential,6781,300
R2,2025-12-16 15:00:00,375.3967157000601,Commercial,7086,450
R3,2025-12-16 15:00:00,200.40502190508104,Residential,7624,400
R4,2025-12-16 15:00:00,122.14614631801659,Residential,4746,440
R1,2025-12-16 16:00:00,321.454326345725,Residential,6781,300
R2,2025-12-16 16:00:00,309.48961434173964,Commercial,7086,450
R3,2025-12-16 16:00:00,229.91610771012142,Residential,7624,400
R4,2025-12-16 16:00:00,233.4249383206522,Residential,4746,440
R1,2025-12-16 17:00:00,212.01227357821512,Residential,6781,300
R2,2025-12-16 17:00:00,256.97078672813166,Commercial,7086,450
R3,2025-12-16 17:00:00,94.34681134180079,Residential,7624,400
R4,2025-12-16 17:00:00,168.18429519074428,Residential,4746,440
R1,2025-12-16 18:00:00,289.35500212077267,Residential,6781,300
R2,2025-12-16 18:00:00,211.94710792358399,Commercial,7086,450
R3,2025-12-16 18:00:00,331.1784408239935,Residential,7624,400
R4,2025-12-16 18:00:00,380.3570200422071,Residential,4746,440
R1,2025-12-16 19:00:00,228.0953412746739,Residential,6781,300
R2,2025-12-16 19:00:00,337.44705022825434,Commercial,7086,450
R3,2025-12-16 19:00:00,312.502362571087,Residential,7624,400
R4,2025-12-16 19:00:00,104.87537981424592,Residential,4746,440
R1,2025-12-16 20:00:00,324.8793294952864,Residential,6781,300
R2,2025-12-16 20:00:00,358.55647706919746,Commercial,7086,450
R3,2025-12-16 20:00:00,253.7151144468698,Residential,7624,400
R4,2025-12-16 20:00:00,159.03264466556652,Residential,4746,440
R1,2025-12-16 21:00:00,173.657209633663,Residential,6781,300
R2,2025-12-16 21:00:00,350.17127464401483,Commercial,7086,450
R3,2025-12-16 21:00:00,300.0247984920147,Residential,7624,400
R4,2025-12-16 21:00:00,332.6728810574941,Residential,4746,440
R1,2025-12-16 22:00:00,237.40083889556865,Residential,6781,300
R2,2025-12-16 22:00:00,290.69167085622473,Commercial,7086,450
R3,2025-12-16 22:00:00,195.99331893623093,Residential,7624,400
R4,2025-12-16 22:00:00,327.8170472048578,Residential,4746,440
R1,2025-12-16 23:00:00,380.7958495218699,Residential,6781,300
R2,2025-12-16 23:00:00,351.4855814242994,Commercial,7086,450
R3,2025-12-16 23:00:00,149.4020012525925,Residential,7624,400
R4,2025-12-16 23:00:00,167.2508087530417,Residential,4746,440
R1,2025-12-17 00:00:00,193.33430795669258,Residential,6781,300
R2,2025-12-17 00:00:00,224.5908530549936,Commercial,7086,450
R3,2025-12-17 00:00:00,389.7615882060932,Residential,7624,400
R4,2025-12-17 00:00:00,168.1425717390009,Residential,4746,440
R1,2025-12-17 01:00:00,108.24057379224857,Residential,6781,300
R2,2025-12-17 01:00:00,141.11723852440429,Commercial,7086,450
R3,2025-12-17 01:00:00,285.3104879841874,Residential,7624,400
R4,2025-12-17 01:00:00,338.9072718570501,Residential,4746,440
R1,2025-12-17 02:00:00,360.447033054866,Residential,6781,300
R2,2025-12-17 02:00:00,290.6997916074708,Commercial,7086,450
R3,2025-12-17 02:00:00,193.8385951708517,Residential,7624,400
R4,2025-12-17 02:00:00,323.59311808088603,Residential,4746,440
R1,2025-12-17 03:00:00,272.8621876444894,Residential,6781,300
R2,2025-12-17 03:00:00,157.12811972741832,Commercial,7086,450
R3,2025-12-17 03:00:00,388.6862114703967,Residential,7624,400
R4,2025-12-17 03:00:00,109.25714165705088,Residential,4746,440
R1,2025-12-17 04:00:00,344.3683974765519,Residential,6781,300
R2,2025-12-17 04:00:00,265.1319858041629,Commercial,7086,450
R3,2025-12-17 04:00:00,341.00504796386167,Residential,7624,400
R4,2025-12-17 04:00:00,120.23809015828806,Residential,4746,440
R1,2025-12-17 05:00:00,152.7572524716893,Residential,6781,300
R2,2025-12-17 05:00:00,355.39539186408365,Commercial,7086,450
R3,2025-12-17 05:00:00,122.82552460634868,Residential,7624,400
R4,2025-12-17 05:00:00,332.7674913802499,Residential,4746,440
R1,2025-12-17 06:00:00,162.58435841126285,Residential,6781,300
R2,2025-12-17 06:00:00,333.26732840021907,Commercial,7086,450
R3,2025-12-17 06:00:00,376.5316704207765,Residential,7624,400
R4,2025-12-17 06:00:00,340.6475033757092,Residential,4746,440
R1,2025-12-17 07:00:00,218.8989991859155,Residential,6781,300
R2,2025-12-17 07:00:00,338.79545313978275,Commercial,7086,450
R3,2025-12-17 07:00:00,166.32139448789758,Residential,7624,400
R4,2025-12-17 07:00:00,261.89462837079793,Residential,4746,440
R1,2025-12-17 08:00:00,332.07939894413647,Residential,6781,300
R2,2025-12-17 08:00:00,235.06875163149914,Commercial,7086,450
R3,2025-12-17 08:00:00,303.28875208171144,Residential,7624,400
R4,2025-12-17 08:00:00,158.2026518614471,Residential,4746,440
R1,2025-12-17 09:00:00,84.28957143159226,Residential,6781,300
R2,2025-12-17 09:00:00,318.01967144677326,Commercial,7086,450
R3,2025-12-17 09:00:00,292.56312849589926,Residential,7624,400
R4,2025-12-17 09:00:00,218.3837673912643,Residential,4746,440
R1,2025-12-17 10:00:00,267.6893361527567,Residential,6781,300
R2,2025-12-17 10:00:00,395.4302698500647,Commercial,7086,450
R3,2025-12-17 10:00:00,346.7855286728783,Residential,7624,400
R4,2025-12-17 10:00:00,114.31823013908928,Residential,4746,440
R1,2025-12-17 11:00:00,362.94347866612526,Residential,6781,300
R2,2025-12-17 11:00:00,307.5815933750954,Commercial,7086,450
R3,2025-12-17 11:00:00,100.99072063358079,Residential,7624,400
R4,2025-12-17 11:00:00,196.4464375078142,Residential,4746,440
R1,2025-12-17 12:00:00,152.96628181752166,Residential,6781,300
R2,2025-12-17 12:00:00,352.77469580476424,Commercial,7086,450
R3,2025-12-17 12:00:00,253.79728590485678,Residential,7624,400
R4,2025-12-17 12:00:00,335.4310687464265,Residential,4746,440
R1,2025-12-17 13:00:00,127.25251785589111,Residential,6781,300
R2,2025-12-17 13:00:00,122.36846686878098,Commercial,7086,450
R3,2025-12-17 13:00:00,324.37773366905947,Residential,7624,400
R4,2025-12-17 13:00:00,254.2373457396204,Residential,4746,440
R1,2025-12-17 14:00:00,128.24817250187624,Residential,6781,300
R2,2025-12-17 14:00:00,220.57046892556707,Commercial,7086,450
R3,2025-12-17 14:00:00,323.42650239480395,Residential,7624,400
R4,2025-12-17 14:00:00,302.0539646840356,Residential,4746,440
R1,2025-12-17 15:00:00,156.34102600733928,Residential,6781,300
R2,2025-12-17 15:00:00,80.25424703526127,Commercial,7086,450
R3,2025-12-17 15:00:00,189.98680659019374,Residential,7624,400
R4,2025-12-17 15:00:00,185.90652095851866,Residential,4746,440
R1,2025-12-17 16:00:00,366.87943149122265,Residential,6781,300
R2,2025-12-17 16:00:00,177.5732004963682,Commercial,7086,450
R3,2025-12-17 16:00:00,238.90565901124648,Residential,7624,400
R4,2025-12-17 16:00:00,174.302261360879,Residential,4746,440
R1,2025-12-17 17:00:00,349.3070211996305,Residential,6781,300
R2,2025-12-17 17:00:00,270.40597740099895,Commercial,7086,450
R3,2025-12-17 17:00:00,227.86530138630698,Residential,7624,400
R4,2025-12-17 17:00:00,149.56402590192906,Residential,4746,440
R1,2025-12-17 18:00:00,364.60997552704436,Residential,6781,300
R2,2025-12-17 18:00:00,187.25303977313536,Commercial,7086,450
R3,2025-12-17 18:00:00,80.44417666701622,Residential,7624,400
R4,2025-12-17 18:00:00,200.28278966329287,Residential,4746,440
R1,2025-12-17 19:00:00,337.89298692517485,Residential,6781,300
R2,2025-12-17 19:00:00,376.0457250104539,Commercial,7086,450
R3,2025-12-17 19:00:00,231.78393384107326,Residential,7624,400
R4,2025-12-17 19:00:00,219.70155904612386,Residential,4746,440
R1,2025-12-17 20:00:00,341.82337605396873,Residential,6781,300
R2,2025-12-17 20:00:00,127.82246497390443,Commercial,7086,450
R3,2025-12-17 20:00:00,304.5532482129575,Residential,7624,400
R4,2025-12-17 20:00:00,186.60410061027352,Residential,4746,440
R1,2025-12-17 21:00:00,285.77381700328226,Residential,6781,300
R2,2025-12-17 21:00:00,100.97901507126593,Commercial,7086,450
R3,2025-12-17 21:00:00,178.2293281651536,Residential,7624,400
R4,2025-12-17 21:00:00,277.6958889680442,Residential,4746,440
R1,2025-12-17 22:00:00,335.2493774225758,Residential,6781,300
R2,2025-12-17 22:00:00,235.57042233605503,Commercial,7086,450
R3,2025-12-17 22:00:00,141.86460695481412,Residential,7624,400
R4,2025-12-17 22:00:00,258.68583204931537,Residential,4746,440
R1,2025-12-17 23:00:00,190.69200312260367,Residential,6781,300
R2,2025-12-17 23:00:00,394.006889342755,Commercial,7086,450
R3,2025-12-17 23:00:00,131.0175102345654,Residential,7624,400
R4,2025-12-17 23:00:00,239.10859537386807,Residential,4746,440
R1,2025-12-18 00:00:00,188.86183503857023,Residential,6781,300
R2,2025-12-18 00:00:00,109.76597704212011,Commercial,7086,450
R3,2025-12-18 00:00:00,232.17773608823103,Residential,7624,400
R4,2025-12-18 00:00:00,358.86465521677627,Residential,4746,440
R1,2025-12-18 01:00:00,171.3367458994308,Residential,6781,300
R2,2025-12-18 01:00:00,280.27929697861464,Commercial,7086,450
R3,2025-12-18 01:00:00,180.27444431067516,Residential,7624,400
R4,2025-12-18 01:00:00,370.6096515484099,Residential,4746,440
R1,2025-12-18 02:00:00,297.72441347954054,Residential,6781,300
R2,2025-12-18 02:00:00,370.7086865154173,Commercial,7086,450
R3,2025-12-18 02:00:00,127.08826660125162,Residential,7624,400
R4,2025-12-18 02:00:00,146.65760716417793,Residential,4746,440
R1,2025-12-18 03:00:00,131.72704376180715,Residential,6781,300
R2,2025-12-18 03:00:00,176.90325016016766,Commercial,7086,450
R3,2025-12-18 03:00:00,118.23546119860374,Residential,7624,400
R4,2025-12-18 03:00:00,247.50808874401582,Residential,4746,440
R1,2025-12-18 04:00:00,330.85291845636135,Residential,6781,300
R2,2025-12-18 04:00:00,326.7239110261144,Commercial,7086,450
R3,2025-12-18 04:00:00,325.3040343637139,Residential,7624,400
R4,2025-12-18 04:00:00,377.4233152064828,Residential,4746,440
R1,2025-12-18 05:00:00,376.5021904542655,Residential,6781,300
R2,2025-12-18 05:00:00,392.28457519422597,Commercial,7086,450
R3,2025-12-18 05:00:00,293.5659044636142,Residential,7624,400
R4,2025-12-18 05:00:00,130.45713560156034,Residential,4746,440
R1,2025-12-18 06:00:00,252.29051017167737,Residential,6781,300
R2,2025-12-18 06:00:00,316.852460089132,Commercial,7086,450
R3,2025-12-18 06:00:00,111.53844121717313,Residential,7624,400
R4,2025-12-18 06:00:00,256.0822842146233,Residential,4746,440
R1,2025-12-18 07:00:00,139.1223597563091,Residential,6781,300
R2,2025-12-18 07:00:00,386.5150349602767,Commercial,7086,450
R3,2025-12-18 07:00:00,89.74477200001623,Residential,7624,400
R4,2025-12-18 07:00:00,236.07555916898792,Residential,4746,440
R1,2025-12-18 08:00:00,113.71884276693102,Residential,6781,300
R2,2025-12-18 08:00:00,376.66816516075517,Commercial,7086,450
R3,2025-12-18 08:00:00,261.54482397763144,Residential,7624,400
R4,2025-12-18 08:00:00,151.43231993891015,Residential,4746,440
R1,2025-12-18 09:00:00,132.2540899969673,Residential,6781,300
R2,2025-12-18 09:00:00,94.29111869334044,Commercial,7086,450
R3,2025-12-18 09:00:00,344.4910250708085,Residential,7624,400
R4,2025-12-18 09:00:00,114.32808031291181,Residential,4746,440
R1,2025-12-18 10:00:00,380.023937598971,Residential,6781,300
R2,2025-12-18 10:00:00,154.51527580295317,Commercial,7086,450
R3,2025-12-18 10:00:00,367.01643335953145,Residential,7624,400
R4,2025-12-18 10:00:00,169.60084512585766,Residential,4746,440
R1,2025-12-18 11:00:00,131.93921058799017,Residential,6781,300
R2,2025-12-18 11:00:00,224.54985832550275,Commercial,7086,450
R3,2025-12-18 11:00:00,129.31932905742457,Residential,7624,400
R4,2025-12-18 11:00:00,204.0215058136567,Residential,4746,440
R1,2025-12-18 12:00:00,394.51259551126094,Residential,6781,300
R2,2025-12-18 12:00:00,283.33933682163354,Commercial,7086,450
R3,2025-12-18 12:00:00,163.09460857701703,Residential,7624,400
R4,2025-12-18 12:00:00,203.90545210901368,Residential,4746,440
R1,2025-12-18 13:00:00,315.6587402072387,Residential,6781,300
R2,2025-12-18 13:00:00,301.02036108711854,Commercial,7086,450
R3,2025-12-18 13:00:00,333.8200106219104,Residential,7624,400
R4,2025-12-18 13:00:00,144.55853296438568,Residential,4746,440
R1,2025-12-18 14:00:00,171.08897468311525,Residential,6781,300
R2,2025-12-18 14:00:00,236.87015888982958,Commercial,7086,450
R3,2025-12-18 14:00:00,318.1303855058172,Residential,7624,400
R4,2025-12-18 14:00:00,97.86651567115946,Residential,4746,440
R1,2025-12-18 15:00:00,291.99701602723826,Residential,6781,300
R2,2025-12-18 15:00:00,258.907411898511,Commercial,7086,450
R3,2025-12-18 15:00:00,275.94309442352414,Residential,7624,400
R4,2025-12-18 15:00:00,233.48273468416744,Residential,4746,440
R1,2025-12-18 16:00:00,391.5399274996052,Residential,6781,300
R2,2025-12-18 16:00:00,121.5419053375387,Commercial,7086,450
R3,2025-12-18 16:00:00,303.2569984642862,Residential,7624,400
R4,2025-12-18 16:00:00,385.9385009906431,Residential,4746,440
R1,2025-12-18 17:00:00,374.8396816573191,Residential,6781,300
R2,2025-12-18 17:00:00,232.20871649064725,Commercial,7086,450
R3,2025-12-18 17:00:00,268.01581586950385,Residential,7624,400
R4,2025-12-18 17:00:00,362.1643189768801,Residential,4746,440
R1,2025-12-18 18:00:00,278.1245183937208,Residential,6781,300
R2,2025-12-18 18:00:00,163.1484375777224,Commercial,7086,450
R3,2025-12-18 18:00:00,305.8303368949103,Residential,7624,400
R4,2025-12-18 18:00:00,222.23646212356527,Residential,4746,440
R1,2025-12-18 19:00:00,297.32796001534234,Residential,6781,300
R2,2025-12-18 19:00:00,96.457089573357,Commercial,7086,450
R3,2025-12-18 19:00:00,341.12479189929235,Residential,7624,400
R4,2025-12-18 19:00:00,122.27290995249749,Residential,4746,440
R1,2025-12-18 20:00:00,368.98494227488067,Residential,6781,300
R2,2025-12-18 20:00:00,206.6539859237509,Commercial,7086,450
R3,2025-12-18 20:00:00,126.10638106564409,Residential,7624,400
R4,2025-12-18 20:00:00,269.1422654401336,Residential,4746,440
R1,2025-12-18 21:00:00,333.5037950186853,Residential,6781,300
R2,2025-12-18 21:00:00,157.99542041162468,Commercial,7086,450
R3,2025-12-18 21:00:00,362.42402839156705,Residential,7624,400
R4,2025-12-18 21:00:00,125.45278186619694,Residential,4746,440
R1,2025-12-18 22:00:00,242.74669781062528,Residential,6781,300
R2,2025-12-18 22:00:00,340.4927151926606,Commercial,7086,450
R3,2025-12-18 22:00:00,313.5155405255787,Residential,7624,400
R4,2025-12-18 22:00:00,303.0450278019717,Residential,4746,440
R1,2025-12-18 23:00:00,271.2760219526267,Residential,6781,300
R2,2025-12-18 23:00:00,139.90828341472712,Commercial,7086,450
R3,2025-12-18 23:00:00,351.5320925988286,Residential,7624,400
R4,2025-12-18 23:00:00,398.8893078678978,Residential,4746,440
R1,2025-12-19 00:00:00,263.1105581176794,Residential,6781,300
R2,2025-12-19 00:00:00,382.3858591962472,Commercial,7086,450
R3,2025-12-19 00:00:00,138.5281148448971,Residential,7624,400
R4,2025-12-19 00:00:00,198.91811099253215,Residential,4746,440
R1,2025-12-19 01:00:00,239.07838107818753,Residential,6781,300
R2,2025-12-19 01:00:00,345.5134842791464,Commercial,7086,450
R3,2025-12-19 01:00:00,272.04246727777956,Residential,7624,400
R4,2025-12-19 01:00:00,134.3404225179471,Residential,4746,440
R1,2025-12-19 02:00:00,117.43326691193758,Residential,6781,300
R2,2025-12-19 02:00:00,202.45832365223407,Commercial,7086,450
R3,2025-12-19 02:00:00,164.26275477701554,Residential,7624,400
R4,2025-12-19 02:00:00,298.99397208972914,Residential,4746,440
R1,2025-12-19 03:00:00,143.4903715857709,Residential,6781,300
R2,2025-12-19 03:00:00,196.32154802127232,Commercial,7086,450
R3,2025-12-19 03:00:00,295.7601868075062,Residential,7624,400
R4,2025-12-19 03:00:00,260.3438428868183,Residential,4746,440
R1,2025-12-19 04:00:00,213.1204328961272,Residential,6781,300
R2,2025-12-19 04:00:00,397.23264037103195,Commercial,7086,450
R3,2025-12-19 04:00:00,232.22505305732935,Residential,7624,400
R4,2025-12-19 04:00:00,176.38489091862203,Residential,4746,440
R1,2025-12-19 05:00:00,198.78093647233976,Residential,6781,300
R2,2025-12-19 05:00:00,296.2327382571893,Commercial,7086,450
R3,2025-12-19 05:00:00,116.1407467538503,Residential,7624,400
R4,2025-12-19 05:00:00,199.63431240773713,Residential,4746,440
R1,2025-12-19 06:00:00,174.65614459137558,Residential,6781,300
R2,2025-12-19 06:00:00,257.5205334060132,Commercial,7086,450
R3,2025-12-19 06:00:00,164.7221284455135,Residential,7624,400
R4,2025-12-19 06:00:00,381.9944798106997,Residential,4746,440
R1,2025-12-19 07:00:00,273.6946054145153,Residential,6781,300
R2,2025-12-19 07:00:00,100.24104610421932,Commercial,7086,450
R3,2025-12-19 07:00:00,199.03674742119378,Residential,7624,400
R4,2025-12-19 07:00:00,147.70910352383066,Residential,4746,440
R1,2025-12-19 08:00:00,280.456941618727,Residential,6781,300
R2,2025-12-19 08:00:00,219.36793784855826,Commercial,7086,450
R3,2025-12-19 08:00:00,345.62526319365315,Residential,7624,400
R4,2025-12-19 08:00:00,396.5305298309771,Residential,4746,440
R1,2025-12-19 09:00:00,160.2929985651436,Residential,6781,300
R2,2025-12-19 09:00:00,318.9752357653998,Commercial,7086,450
R3,2025-12-19 09:00:00,171.2247642292807,Residential,7624,400
R4,2025-12-19 09:00:00,399.3650211131066,Residential,4746,440
R1,2025-12-19 10:00:00,154.0975320839977,Residential,6781,300
R2,2025-12-19 10:00:00,385.6445131104772,Commercial,7086,450
R3,2025-12-19 10:00:00,129.03394604705795,Residential,7624,400
R4,2025-12-19 10:00:00,111.26239631376855,Residential,4746,440
R1,2025-12-19 11:00:00,242.10803677748527,Residential,6781,300
R2,2025-12-19 11:00:00,159.2935833277415,Commercial,7086,450
R3,2025-12-19 11:00:00,360.98760712074,Residential,7624,400
R4,2025-12-19 11:00:00,273.7844804511601,Residential,4746,440
R1,2025-12-19 12:00:00,246.4285259890498,Residential,6781,300
R2,2025-12-19 12:00:00,378.2065818339441,Commercial,7086,450
R3,2025-12-19 12:00:00,311.1003082148974,Residential,7624,400
R4,2025-12-19 12:00:00,231.9066678202412,Residential,4746,440
R1,2025-12-19 13:00:00,155.24804414984715,Residential,6781,300
R2,2025-12-19 13:00:00,387.3123510505382,Commercial,7086,450
R3,2025-12-19 13:00:00,387.5555229519283,Residential,7624,400
R4,2025-12-19 13:00:00,108.2188255075933,Residential,4746,440
R1,2025-12-19 14:00:00,337.3299322973142,Residential,6781,300
R2,2025-12-19 14:00:00,359.9379782273762,Commercial,7086,450
R3,2025-12-19 14:00:00,128.6404433676049,Residential,7624,400
R4,2025-12-19 14:00:00,351.4246994660924,Residential,4746,440
R1,2025-12-19 15:00:00,276.61296911138004,Residential,6781,300
R2,2025-12-19 15:00:00,385.8463771475271,Commercial,7086,450
R3,2025-12-19 15:00:00,261.4125961441997,Residential,7624,400
R4,2025-12-19 15:00:00,245.90005093680804,Residential,4746,440
R1,2025-12-19 16:00:00,305.88840979058847,Residential,6781,300
R2,2025-12-19 16:00:00,370.176123960849,Commercial,7086,450
R3,2025-12-19 16:00:00,245.80267167610842,Residential,7624,400
R4,2025-12-19 16:00:00,373.2245029860183,Residential,4746,440
R1,2025-12-19 17:00:00,315.37941762627463,Residential,6781,300
R2,2025-12-19 17:00:00,374.9046281454702,Commercial,7086,450
R3,2025-12-19 17:00:00,393.75002797573467,Residential,7624,400
R4,2025-12-19 17:00:00,98.2710697599699,Residential,4746,440
R1,2025-12-19 18:00:00,124.89220390935924,Residential,6781,300
R2,2025-12-19 18:00:00,267.6345490028348,Commercial,7086,450
R3,2025-12-19 18:00:00,114.6963525814306,Residential,7624,400
R4,2025-12-19 18:00:00,350.3546243006274,Residential,4746,440
R1,2025-12-19 19:00:00,95.60126428543342,Residential,6781,300
R2,2025-12-19 19:00:00,311.5953989337867,Commercial,7086,450
R3,2025-12-19 19:00:00,328.9447382223284,Residential,7624,400
R4,2025-12-19 19:00:00,340.031012793934,Residential,4746,440
R1,2025-12-19 20:00:00,191.7258419576639,Residential,6781,300
R2,2025-12-19 20:00:00,288.3386392559062,Commercial,7086,450
R3,2025-12-19 20:00:00,208.2449095118852,Residential,7624,400
R4,2025-12-19 20:00:00,276.86942114174786,Residential,4746,440
R1,2025-12-19 21:00:00,306.5041050286044,Residential,6781,300
R2,2025-12-19 21:00:00,310.939976714045,Commercial,7086,450
R3,2025-12-19 21:00:00,140.72286164661318,Residential,7624,400
R4,2025-12-19 21:00:00,123.1371779574518,Residential,4746,440
R1,2025-12-19 22:00:00,263.59940060437054,Residential,6781,300
R2,2025-12-19 22:00:00,194.22442717924184,Commercial,7086,450
R3,2025-12-19 22:00:00,376.0211893419187,Residential,7624,400
R4,2025-12-19 22:00:00,124.65028032083038,Residential,4746,440
R1,2025-12-19 23:00:00,217.47086601677495,Residential,6781,300
R2,2025-12-19 23:00:00,118.30394788204745,Commercial,7086,450
R3,2025-12-19 23:00:00,380.99565134321045,Residential,7624,400
R4,2025-12-19 23:00:00,204.50411251914375,Residential,4746,440
R1,2025-12-20 00:00:00,368.68891506325406,Residential,6781,300
R2,2025-12-20 00:00:00,387.49573954699684,Commercial,7086,450
R3,2025-12-20 00:00:00,247.093522021429,Residential,7624,400
R4,2025-12-20 00:00:00,146.9253117272211,Residential,4746,440
R1,2025-12-20 01:00:00,197.25524793441,Residential,6781,300
R2,2025-12-20 01:00:00,106.22849684040901,Commercial,7086,450
R3,2025-12-20 01:00:00,144.20015734039697,Residential,7624,400
R4,2025-12-20 01:00:00,319.44868678215016,Residential,4746,440
R1,2025-12-20 02:00:00,115.63609256797427,Residential,6781,300
R2,2025-12-20 02:00:00,352.9983467165578,Commercial,7086,450
R3,2025-12-20 02:00:00,260.2410793338515,Residential,7624,400
R4,2025-12-20 02:00:00,216.01232801269015,Residential,4746,440
R1,2025-12-20 03:00:00,398.225355491718,Residential,6781,300
R2,2025-12-20 03:00:00,334.98907439243993,Commercial,7086,450
R3,2025-12-20 03:00:00,225.92018318952026,Residential,7624,400
R4,2025-12-20 03:00:00,219.65672542731068,Residential,4746,440
R1,2025-12-20 04:00:00,269.23193102124725,Residential,6781,300
R2,2025-12-20 04:00:00,198.75633359799383,Commercial,7086,450
R3,2025-12-20 04:00:00,152.73170753948278,Residential,7624,400
R4,2025-12-20 04:00:00,137.41694825415397,Residential,4746,440
R1,2025-12-20 05:00:00,125.43426591815809,Residential,6781,300
R2,2025-12-20 05:00:00,265.5854924627161,Commercial,7086,450
R3,2025-12-20 05:00:00,361.77274478983804,Residential,7624,400
R4,2025-12-20 05:00:00,333.37687744149446,Residential,4746,440
R1,2025-12-20 06:00:00,96.43445642192279,Residential,6781,300
R2,2025-12-20 06:00:00,83.59210428223096,Commercial,7086,450
R3,2025-12-20 06:00:00,223.88318146726306,Residential,7624,400
R4,2025-12-20 06:00:00,204.35686500227067,Residential,4746,440
R1,2025-12-20 07:00:00,338.795568678798,Residential,6781,300
R2,2025-12-20 07:00:00,239.68584329608694,Commercial,7086,450
R3,2025-12-20 07:00:00,335.7939599815151,Residential,7624,400
R4,2025-12-20 07:00:00,369.8838671278557,Residential,4746,440
R1,2025-12-20 08:00:00,359.7983246344524,Residential,6781,300
R2,2025-12-20 08:00:00,235.7913995743037,Commercial,7086,450
R3,2025-12-20 08:00:00,185.55207453776714,Residential,7624,400
R4,2025-12-20 08:00:00,237.95839470400858,Residential,4746,440
R1,2025-12-20 09:00:00,271.9766045411143,Residential,6781,300
R2,2025-12-20 09:00:00,324.0395941987244,Commercial,7086,450
R3,2025-12-20 09:00:00,329.97255560211653,Residential,7624,400
R4,2025-12-20 09:00:00,104.2110907322919,Residential,4746,440
R1,2025-12-20 10:00:00,325.0594603626591,Residential,6781,300
R2,2025-12-20 10:00:00,83.75013703691081,Commercial,7086,450
R3,2025-12-20 10:00:00,144.4408072561195,Residential,7624,400
R4,2025-12-20 10:00:00,312.97713975950296,Residential,4746,440
R1,2025-12-20 11:00:00,158.8786453536538,Residential,6781,300
R2,2025-12-20 11:00:00,222.1986076063273,Commercial,7086,450
R3,2025-12-20 11:00:00,148.5554682173843,Residential,7624,400
R4,2025-12-20 11:00:00,302.3867997635553,Residential,4746,440
R1,2025-12-20 12:00:00,239.55259322696617,Residential,6781,300
R2,2025-12-20 12:00:00,225.01774797701398,Commercial,7086,450
R3,2025-12-20 12:00:00,398.0330335110064,Residential,7624,400
R4,2025-12-20 12:00:00,179.8712768447703,Residential,4746,440
R1,2025-12-20 13:00:00,224.2859534018582,Residential,6781,300
R2,2025-12-20 13:00:00,246.27732195906924,Commercial,7086,450
R3,2025-12-20 13:00:00,334.51604882647075,Residential,7624,400
R4,2025-12-20 13:00:00,273.8832061553052,Residential,4746,440
R1,2025-12-20 14:00:00,134.1889686140134,Residential,6781,300
R2,2025-12-20 14:00:00,145.20842832357903,Commercial,7086,450
R3,2025-12-20 14:00:00,290.48419864885466,Residential,7624,400
R4,2025-12-20 14:00:00,235.46656383292773,Residential,4746,440
R1,2025-12-20 15:00:00,120.34910069274503,Residential,6781,300
R2,2025-12-20 15:00:00,360.63011245213767,Commercial,7086,450
R3,2025-12-20 15:00:00,375.21587553021953,Residential,7624,400
R4,2025-12-20 15:00:00,135.68464141246938,Residential,4746,440
R1,2025-12-20 16:00:00,96.04639599428236,Residential,6781,300
R2,2025-12-20 16:00:00,232.73457516888,Commercial,7086,450
R3,2025-12-20 16:00:00,160.30096343478527,Residential,7624,400
R4,2025-12-20 16:00:00,259.996312748238,Residential,4746,440
R1,2025-12-20 17:00:00,208.33428398210967,Residential,6781,300
R2,2025-12-20 17:00:00,377.83887014486356,Commercial,7086,450
R3,2025-12-20 17:00:00,286.16137004890027,Residential,7624,400
R4,2025-12-20 17:00:00,123.42113347643689,Residential,4746,440
R1,2025-12-20 18:00:00,217.18363156868577,Residential,6781,300
R2,2025-12-20 18:00:00,203.63974022939357,Commercial,7086,450
R3,2025-12-20 18:00:00,375.3031924228742,Residential,7624,400
R4,2025-12-20 18:00:00,188.2809245606893,Residential,4746,440
R1,2025-12-20 19:00:00,197.63064402562605,Residential,6781,300
R2,2025-12-20 19:00:00,387.10182254062005,Commercial,7086,450
R3,2025-12-20 19:00:00,174.4739258676875,Residential,7624,400
R4,2025-12-20 19:00:00,397.36286285714596,Residential,4746,440
R1,2025-12-20 20:00:00,310.38446276409604,Residential,6781,300
R2,2025-12-20 20:00:00,237.73530798478717,Commercial,7086,450
R3,2025-12-20 20:00:00,391.1597200684827,Residential,7624,400
R4,2025-12-20 20:00:00,261.3638537082561,Residential,4746,440
R1,2025-12-20 21:00:00,238.57047896024326,Residential,6781,300
R2,2025-12-20 21:00:00,216.3325366541322,Commercial,7086,450
R3,2025-12-20 21:00:00,128.662240074072,Residential,7624,400
R4,2025-12-20 21:00:00,233.2725650044843,Residential,4746,440
R1,2025-12-20 22:00:00,108.41259651077117,Residential,6781,300
R2,2025-12-20 22:00:00,341.187011367982,Commercial,7086,450
R3,2025-12-20 22:00:00,316.1742283152063,Residential,7624,400
R4,2025-12-20 22:00:00,273.941812125637,Residential,4746,440
R1,2025-12-20 23:00:00,92.1267340061199,Residential,6781,300
R2,2025-12-20 23:00:00,326.88636555835046,Commercial,7086,450
R3,2025-12-20 23:00:00,150.93967587474137,Residential,7624,400
R4,2025-12-20 23:00:00,190.83919952506008,Residential,4746,440
R1,2025-12-21 00:00:00,137.13444683177977,Residential,6781,300
R2,2025-12-21 00:00:00,381.4887854111914,Commercial,7086,450
R3,2025-12-21 00:00:00,302.39534676781057,Residential,7624,400
R4,2025-12-21 00:00:00,362.36131861509716,Residential,4746,440
R1,2025-12-21 01:00:00,180.60000631282793,Residential,6781,300
R2,2025-12-21 01:00:00,366.7021410720139,Commercial,7086,450
R3,2025-12-21 01:00:00,256.1579343279294,Residential,7624,400
R4,2025-12-21 01:00:00,185.07192191889501,Residential,4746,440
R1,2025-12-21 02:00:00,155.56440624008127,Residential,6781,300
R2,2025-12-21 02:00:00,115.05319608982127,Commercial,7086,450
R3,2025-12-21 02:00:00,370.0193940007501,Residential,7624,400
R4,2025-12-21 02:00:00,298.04434778439554,Residential,4746,440
R1,2025-12-21 03:00:00,160.88180520106965,Residential,6781,300
R2,2025-12-21 03:00:00,179.76757310063664,Commercial,7086,450
R3,2025-12-21 03:00:00,121.54158433903629,Residential,7624,400
R4,2025-12-21 03:00:00,207.51415469186145,Residential,4746,440
R1,2025-12-21 04:00:00,269.3117638043093,Residential,6781,300
R2,2025-12-21 04:00:00,221.00718097895083,Commercial,7086,450
R3,2025-12-21 04:00:00,121.17196093078891,Residential,7624,400
R4,2025-12-21 04:00:00,393.00487997457685,Residential,4746,440
R1,2025-12-21 05:00:00,338.4361841352479,Residential,6781,300
R2,2025-12-21 05:00:00,286.2683001450292,Commercial,7086,450
R3,2025-12-21 05:00:00,324.8715441375194,Residential,7624,400
R4,2025-12-21 05:00:00,229.52853818476456,Residential,4746,440
R1,2025-12-21 06:00:00,314.9512187467754,Residential,6781,300
R2,2025-12-21 06:00:00,397.696171004846,Commercial,7086,450
R3,2025-12-21 06:00:00,208.99503291123492,Residential,7624,400
R4,2025-12-21 06:00:00,291.2877510318896,Residential,4746,440
R1,2025-12-21 07:00:00,84.83626927721097,Residential,6781,300
R2,2025-12-21 07:00:00,337.6021516154049,Commercial,7086,450
R3,2025-12-21 07:00:00,372.56125665405256,Residential,7624,400
R4,2025-12-21 07:00:00,399.4157283453937,Residential,4746,440
R1,2025-12-21 08:00:00,301.34269574480015,Residential,6781,300
R2,2025-12-21 08:00:00,394.33022036516525,Commercial,7086,450
R3,2025-12-21 08:00:00,247.29666092828194,Residential,7624,400
R4,2025-12-21 08:00:00,230.40222491440613,Residential,4746,440
R1,2025-12-21 09:00:00,117.02692586019896,Residential,6781,300
R2,2025-12-21 09:00:00,116.26424298435109,Commercial,7086,450
R3,2025-12-21 09:00:00,313.01513703937894,Residential,7624,400
R4,2025-12-21 09:00:00,335.7395811869646,Residential,4746,440
R1,2025-12-21 10:00:00,359.30702342070765,Residential,6781,300
R2,2025-12-21 10:00:00,254.1925732061435,Commercial,7086,450
R3,2025-12-21 10:00:00,349.95108870372377,Residential,7624,400
R4,2025-12-21 10:00:00,359.70221837044005,Residential,4746,440
R1,2025-12-21 11:00:00,254.02175038838337,Residential,6781,300
R2,2025-12-21 11:00:00,398.8404643770395,Commercial,7086,450
R3,2025-12-21 11:00:00,222.1195534281606,Residential,7624,400
R4,2025-12-21 11:00:00,240.03992604709669,Residential,4746,440
R1,2025-12-21 12:00:00,258.3172610173248,Residential,6781,300
R2,2025-12-21 12:00:00,338.633028370357,Commercial,7086,450
R3,2025-12-21 12:00:00,245.15286727893164,Residential,7624,400
R4,2025-12-21 12:00:00,227.34229576929008,Residential,4746,440
R1,2025-12-21 13:00:00,317.73209608665974,Residential,6781,300
R2,2025-12-21 13:00:00,226.1415402481838,Commercial,7086,450
R3,2025-12-21 13:00:00,266.58655545962324,Residential,7624,400
R4,2025-12-21 13:00:00,92.97196981738679,Residential,4746,440
R1,2025-12-21 14:00:00,328.01816734203874,Residential,6781,300
R2,2025-12-21 14:00:00,335.48808090909995,Commercial,7086,450
R3,2025-12-21 14:00:00,153.07736251002663,Residential,7624,400
R4,2025-12-21 14:00:00,343.1651542851694,Residential,4746,440
R1,2025-12-21 15:00:00,365.13009875842437,Residential,6781,300
R2,2025-12-21 15:00:00,346.68102132188915,Commercial,7086,450
R3,2025-12-21 15:00:00,315.42470174923807,Residential,7624,400
R4,2025-12-21 15:00:00,226.39765615299245,Residential,4746,440
R1,2025-12-21 16:00:00,343.8007889702468,Residential,6781,300
R2,2025-12-21 16:00:00,315.18940766622194,Commercial,7086,450
R3,2025-12-21 16:00:00,98.66252270316977,Residential,7624,400
R4,2025-12-21 16:00:00,376.32873505996406,Residential,4746,440
R1,2025-12-21 17:00:00,314.8192955066047,Residential,6781,300
R2,2025-12-21 17:00:00,176.82229499141857,Commercial,7086,450
R3,2025-12-21 17:00:00,151.66750253823994,Residential,7624,400
R4,2025-12-21 17:00:00,171.78154429725237,Residential,4746,440
R1,2025-12-21 18:00:00,185.74895588037884,Residential,6781,300
R2,2025-12-21 18:00:00,217.71156241662536,Commercial,7086,450
R3,2025-12-21 18:00:00,186.31893528783084,Residential,7624,400
R4,2025-12-21 18:00:00,383.55925531559427,Residential,4746,440
R1,2025-12-21 19:00:00,125.37351767837865,Residential,6781,300
R2,2025-12-21 19:00:00,170.85663872833743,Commercial,7086,450
R3,2025-12-21 19:00:00,155.77113528292242,Residential,7624,400
R4,2025-12-21 19:00:00,360.82275465567415,Residential,4746,440
R1,2025-12-21 20:00:00,267.1525646857889,Residential,6781,300
R2,2025-12-21 20:00:00,390.5400636553712,Commercial,7086,450
R3,2025-12-21 20:00:00,240.24141940126907,Residential,7624,400
R4,2025-12-21 20:00:00,81.62968833971905,Residential,4746,440
R1,2025-12-21 21:00:00,288.67222767778935,Residential,6781,300
R2,2025-12-21 21:00:00,200.2619271151508,Commercial,7086,450
R3,2025-12-21 21:00:00,194.4286312045523,Residential,7624,400
R4,2025-12-21 21:00:00,321.1277343972847,Residential,4746,440
R1,2025-12-21 22:00:00,247.79331369854827,Residential,6781,300
R2,2025-12-21 22:00:00,280.62932905925146,Commercial,7086,450
R3,2025-12-21 22:00:00,136.5360125459036,Residential,7624,400
R4,2025-12-21 22:00:00,350.20543092670164,Residential,4746,440
R1,2025-12-21 23:00:00,345.5188359875736,Residential,6781,300
R2,2025-12-21 23:00:00,180.0790506562331,Commercial,7086,450
R3,2025-12-21 23:00:00,198.3517652202589,Residential,7624,400
R4,2025-12-21 23:00:00,187.60248697624175,Residential,4746,440
R1,2025-12-22 00:00:00,260.0326639229197,Residential,6781,300
R2,2025-12-22 00:00:00,312.1368175555655,Commercial,7086,450
R3,2025-12-22 00:00:00,215.82601787393452,Residential,7624,400
R4,2025-12-22 00:00:00,399.121301656101,Residential,4746,440
R1,2025-12-22 01:00:00,239.01182524665347,Residential,6781,300
R2,2025-12-22 01:00:00,86.31942881262447,Commercial,7086,450
R3,2025-12-22 01:00:00,186.80777314909037,Residential,7624,400
R4,2025-12-22 01:00:00,296.9788478126354,Residential,4746,440
R1,2025-12-22 02:00:00,298.604613629024,Residential,6781,300
R2,2025-12-22 02:00:00,350.47776213995576,Commercial,7086,450
R3,2025-12-22 02:00:00,185.42476789999242,Residential,7624,400
R4,2025-12-22 02:00:00,215.0974349201332,Residential,4746,440
R1,2025-12-22 03:00:00,375.7197223639961,Residential,6781,300
R2,2025-12-22 03:00:00,217.69340017084966,Commercial,7086,450
R3,2025-12-22 03:00:00,103.91995682612922,Residential,7624,400
R4,2025-12-22 03:00:00,343.561528661238,Residential,4746,440
R1,2025-12-22 04:00:00,359.57799441313153,Residential,6781,300
R2,2025-12-22 04:00:00,123.51399914825983,Commercial,7086,450
R3,2025-12-22 04:00:00,178.66410367512813,Residential,7624,400
R4,2025-12-22 04:00:00,365.54599309078066,Residential,4746,440
R1,2025-12-22 05:00:00,156.13628870534055,Residential,6781,300
R2,2025-12-22 05:00:00,125.34421244842434,Commercial,7086,450
R3,2025-12-22 05:00:00,169.0216526427747,Residential,7624,400
R4,2025-12-22 05:00:00,120.70944803594166,Residential,4746,440
R1,2025-12-22 06:00:00,294.71888670638367,Residential,6781,300
R2,2025-12-22 06:00:00,388.4344903764022,Commercial,7086,450
R3,2025-12-22 06:00:00,112.56221491487828,Residential,7624,400
R4,2025-12-22 06:00:00,173.626364478837,Residential,4746,440
R1,2025-12-22 07:00:00,299.350156547371,Residential,6781,300
R2,2025-12-22 07:00:00,199.0601792922708,Commercial,7086,450
R3,2025-12-22 07:00:00,377.42260771714774,Residential,7624,400
R4,2025-12-22 07:00:00,347.43084294079836,Residential,4746,440
R1,2025-12-22 08:00:00,171.74004779679325,Residential,6781,300
R2,2025-12-22 08:00:00,361.33999613069415,Commercial,7086,450
R3,2025-12-22 08:00:00,140.46167628703176,Residential,7624,400
R4,2025-12-22 08:00:00,101.12053020744,Residential,4746,440
R1,2025-12-22 09:00:00,270.2579028908815,Residential,6781,300
R2,2025-12-22 09:00:00,326.7244927838542,Commercial,7086,450
R3,2025-12-22 09:00:00,303.6874150783176,Residential,7624,400
R4,2025-12-22 09:00:00,158.90809263913155,Residential,4746,440
R1,2025-12-22 10:00:00,395.2302059210159,Residential,6781,300
R2,2025-12-22 10:00:00,209.37443568207152,Commercial,7086,450
R3,2025-12-22 10:00:00,251.79839614601906,Residential,7624,400
R4,2025-12-22 10:00:00,305.5584433432201,Residential,4746,440
R1,2025-12-22 11:00:00,315.93363172413996,Residential,6781,300
R2,2025-12-22 11:00:00,280.31555053204164,Commercial,7086,450
R3,2025-12-22 11:00:00,347.704789745168,Residential,7624,400
R4,2025-12-22 11:00:00,110.20827967500264,Residential,4746,440
R1,2025-12-22 12:00:00,362.9781874784091,Residential,6781,300
R2,2025-12-22 12:00:00,254.2932213996752,Commercial,7086,450
R3,2025-12-22 12:00:00,309.17935941747385,Residential,7624,400
R4,2025-12-22 12:00:00,338.8539362170079,Residential,4746,440
R1,2025-12-22 13:00:00,346.1612388433997,Residential,6781,300
R2,2025-12-22 13:00:00,94.90628009180419,Commercial,7086,450
R3,2025-12-22 13:00:00,295.66896678736714,Residential,7624,400
R4,2025-12-22 13:00:00,349.39159135568264,Residential,4746,440
R1,2025-12-22 14:00:00,99.69011216744167,Residential,6781,300
R2,2025-12-22 14:00:00,289.79426836610315,Commercial,7086,450
R3,2025-12-22 14:00:00,314.79432095428814,Residential,7624,400
R4,2025-12-22 14:00:00,101.75811645823792,Residential,4746,440
R1,2025-12-22 15:00:00,167.38683725986067,Residential,6781,300
R2,2025-12-22 15:00:00,109.49770223586313,Commercial,7086,450
R3,2025-12-22 15:00:00,217.54425081301014,Residential,7624,400
R4,2025-12-22 15:00:00,106.19688088575202,Residential,4746,440
R1,2025-12-22 16:00:00,395.00001745760596,Residential,6781,300
R2,2025-12-22 16:00:00,384.67180023372896,Commercial,7086,450
R3,2025-12-22 16:00:00,250.54666449996984,Residential,7624,400
R4,2025-12-22 16:00:00,284.69510152791037,Residential,4746,440
R1,2025-12-22 17:00:00,367.13000886677366,Residential,6781,300
R2,2025-12-22 17:00:00,159.27626518616313,Commercial,7086,450
R3,2025-12-22 17:00:00,350.2938763167179,Residential,7624,400
R4,2025-12-22 17:00:00,342.5232995446124,Residential,4746,440
R1,2025-12-22 18:00:00,315.42508405847093,Residential,6781,300
R2,2025-12-22 18:00:00,267.36651441021354,Commercial,7086,450
R3,2025-12-22 18:00:00,144.1293821503088,Residential,7624,400
R4,2025-12-22 18:00:00,168.52859969446726,Residential,4746,440
R1,2025-12-22 19:00:00,167.03389012182777,Residential,6781,300
R2,2025-12-22 19:00:00,313.98907980540514,Commercial,7086,450
R3,2025-12-22 19:00:00,395.18016219785886,Residential,7624,400
R4,2025-12-22 19:00:00,217.1842231589245,Residential,4746,440
R1,2025-12-22 20:00:00,397.69243145223396,Residential,6781,300
R2,2025-12-22 20:00:00,375.03879276988596,Commercial,7086,450
R3,2025-12-22 20:00:00,170.7865085340941,Residential,7624,400
R4,2025-12-22 20:00:00,387.48535299009865,Residential,4746,440
R1,2025-12-22 21:00:00,393.15955337256395,Residential,6781,300
R2,2025-12-22 21:00:00,162.62368092919263,Commercial,7086,450
R3,2025-12-22 21:00:00,186.32211241959754,Residential,7624,400
R4,2025-12-22 21:00:00,201.09738136773092,Residential,4746,440
R1,2025-12-22 22:00:00,119.71897650096705,Residential,6781,300
R2,2025-12-22 22:00:00,358.24233654764544,Commercial,7086,450
R3,2025-12-22 22:00:00,375.09149429085363,Residential,7624,400
R4,2025-12-22 22:00:00,301.24453318074035,Residential,4746,440
R1,2025-12-22 23:00:00,201.2681964177205,Residential,6781,300
R2,2025-12-22 23:00:00,210.07898008185876,Commercial,7086,450
R3,2025-12-22 23:00:00,164.3657358120275,Residential,7624,400
R4,2025-12-22 23:00:00,334.10468563597664,Residential,4746,440
R1,2025-12-23 00:00:00,281.00343565212575,Residential,6781,300
R2,2025-12-23 00:00:00,106.81522308481266,Commercial,7086,450
R3,2025-12-23 00:00:00,189.12381749236854,Residential,7624,400
R4,2025-12-23 00:00:00,344.7805781287693,Residential,4746,440
R1,2025-12-23 01:00:00,202.28818983513605,Residential,6781,300
R2,2025-12-23 01:00:00,205.97689612146783,Commercial,7086,450
R3,2025-12-23 01:00:00,366.4335336011992,Residential,7624,400
R4,2025-12-23 01:00:00,351.0982603590687,Residential,4746,440
R1,2025-12-23 02:00:00,198.24041582038038,Residential,6781,300
R2,2025-12-23 02:00:00,380.1628996810627,Commercial,7086,450
R3,2025-12-23 02:00:00,395.81907922087544,Residential,7624,400
R4,2025-12-23 02:00:00,116.98954309267513,Residential,4746,440
R1,2025-12-23 03:00:00,257.2645113550634,Residential,6781,300
R2,2025-12-23 03:00:00,350.1854672100051,Commercial,7086,450
R3,2025-12-23 03:00:00,246.88053188085024,Residential,7624,400
R4,2025-12-23 03:00:00,309.1203728361554,Residential,4746,440
R1,2025-12-23 04:00:00,311.2658248879882,Residential,6781,300
R2,2025-12-23 04:00:00,118.35887584137541,Commercial,7086,450
R3,2025-12-23 04:00:00,176.71316086455,Residential,7624,400
R4,2025-12-23 04:00:00,319.8189450538375,Residential,4746,440
R1,2025-12-23 05:00:00,348.16863464737025,Residential,6781,300
R2,2025-12-23 05:00:00,197.05030413459548,Commercial,7086,450
R3,2025-12-23 05:00:00,277.7335198422011,Residential,7624,400
R4,2025-12-23 05:00:00,175.02988872055408,Residential,4746,440
R1,2025-12-23 06:00:00,279.54676216480283,Residential,6781,300
R2,2025-12-23 06:00:00,147.04618099291312,Commercial,7086,450
R3,2025-12-23 06:00:00,346.8703585734411,Residential,7624,400
R4,2025-12-23 06:00:00,196.02195718220918,Residential,4746,440
R1,2025-12-23 07:00:00,254.09680844213338,Residential,6781,300
R2,2025-12-23 07:00:00,209.20095127839033,Commercial,7086,450
R3,2025-12-23 07:00:00,372.54166940293294,Residential,7624,400
R4,2025-12-23 07:00:00,391.0482600549623,Residential,4746,440
R1,2025-12-23 08:00:00,102.66557331123877,Residential,6781,300
R2,2025-12-23 08:00:00,177.67223186167433,Commercial,7086,450
R3,2025-12-23 08:00:00,292.6505748713988,Residential,7624,400
R4,2025-12-23 08:00:00,305.5330098166809,Residential,4746,440
R1,2025-12-23 09:00:00,118.93962789196979,Residential,6781,300
R2,2025-12-23 09:00:00,390.2213979277463,Commercial,7086,450
R3,2025-12-23 09:00:00,235.7758624519644,Residential,7624,400
R4,2025-12-23 09:00:00,128.3426797284174,Residential,4746,440
R1,2025-12-23 10:00:00,393.9953192575373,Residential,6781,300
R2,2025-12-23 10:00:00,321.0692978157077,Commercial,7086,450
R3,2025-12-23 10:00:00,287.39840401361164,Residential,7624,400
R4,2025-12-23 10:00:00,172.5279130955937,Residential,4746,440
R1,2025-12-23 11:00:00,271.1268474140482,Residential,6781,300
R2,2025-12-23 11:00:00,278.41568490702934,Commercial,7086,450
R3,2025-12-23 11:00:00,250.78867157696368,Residential,7624,400
R4,2025-12-23 11:00:00,236.41350135892353,Residential,4746,440
R1,2025-12-23 12:00:00,311.942693784175,Residential,6781,300
R2,2025-12-23 12:00:00,276.2342383705667,Commercial,7086,450
R3,2025-12-23 12:00:00,233.56935640112482,Residential,7624,400
R4,2025-12-23 12:00:00,122.57825691843088,Residential,4746,440
R1,2025-12-23 13:00:00,281.24680455754475,Residential,6781,300
R2,2025-12-23 13:00:00,152.00257741492987,Commercial,7086,450
R3,2025-12-23 13:00:00,104.92694846351444,Residential,7624,400
R4,2025-12-23 13:00:00,287.64650099682046,Residential,4746,440
R1,2025-12-23 14:00:00,307.4460014363621,Residential,6781,300
R2,2025-12-23 14:00:00,376.83414982806255,Commercial,7086,450
R3,2025-12-23 14:00:00,296.2658106793944,Residential,7624,400
R4,2025-12-23 14:00:00,308.65504098210397,Residential,4746,440
R1,2025-12-23 15:00:00,298.72233497945274,Residential,6781,300
R2,2025-12-23 15:00:00,139.67055912296487,Commercial,7086,450
R3,2025-12-23 15:00:00,80.86545477222867,Residential,7624,400
R4,2025-12-23 15:00:00,244.16744410252673,Residential,4746,440
R1,2025-12-23 16:00:00,81.95205834014484,Residential,6781,300
R2,2025-12-23 16:00:00,129.47559893191627,Commercial,7086,450
R3,2025-12-23 16:00:00,388.1930915754067,Residential,7624,400
R4,2025-12-23 16:00:00,92.73517946277401,Residential,4746,440
R1,2025-12-23 17:00:00,245.23277928512354,Residential,6781,300
R2,2025-12-23 17:00:00,373.86956089003803,Commercial,7086,450
R3,2025-12-23 17:00:00,306.30704571852334,Residential,7624,400
R4,2025-12-23 17:00:00,266.4257565097291,Residential,4746,440
R1,2025-12-23 18:00:00,378.0120454527424,Residential,6781,300
R2,2025-12-23 18:00:00,80.69391156093201,Commercial,7086,450
R3,2025-12-23 18:00:00,320.98571293699354,Residential,7624,400
R4,2025-12-23 18:00:00,171.5971611672037,Residential,4746,440
R1,2025-12-23 19:00:00,377.8938573119218,Residential,6781,300
R2,2025-12-23 19:00:00,337.0753638978993,Commercial,7086,450
R3,2025-12-23 19:00:00,233.04550863343712,Residential,7624,400
R4,2025-12-23 19:00:00,204.28929269149305,Residential,4746,440
R1,2025-12-23 20:00:00,324.4971796067135,Residential,6781,300
R2,2025-12-23 20:00:00,279.03707210691016,Commercial,7086,450
R3,2025-12-23 20:00:00,362.95800998949136,Residential,7624,400
R4,2025-12-23 20:00:00,301.36767915608937,Residential,4746,440
R1,2025-12-23 21:00:00,251.34071077685854,Residential,6781,300
R2,2025-12-23 21:00:00,262.22880376934216,Commercial,7086,450
R3,2025-12-23 21:00:00,395.27437532388683,Residential,7624,400
R4,2025-12-23 21:00:00,320.2398939780355,Residential,4746,440
R1,2025-12-23 22:00:00,391.27997526615974,Residential,6781,300
R2,2025-12-23 22:00:00,82.65859115292369,Commercial,7086,450
R3,2025-12-23 22:00:00,331.4599768245713,Residential,7624,400
R4,2025-12-23 22:00:00,249.18402006768133,Residential,4746,440
R1,2025-12-23 23:00:00,216.3658060847756,Residential,6781,300
R2,2025-12-23 23:00:00,291.0642853980829,Commercial,7086,450
R3,2025-12-23 23:00:00,311.48883328650106,Residential,7624,400
R4,2025-12-23 23:00:00,326.4487366463619,Residential,4746,440
R1,2025-12-24 00:00:00,292.8493002399995,Residential,6781,300
R2,2025-12-24 00:00:00,269.4021817712843,Commercial,7086,450
R3,2025-12-24 00:00:00,110.51622258205936,Residential,7624,400
R4,2025-12-24 00:00:00,153.97843526750052,Residential,4746,440
R1,2025-12-24 01:00:00,334.99193124128584,Residential,6781,300
R2,2025-12-24 01:00:00,190.49552383935125,Commercial,7086,450
R3,2025-12-24 01:00:00,382.8734205528997,Residential,7624,400
R4,2025-12-24 01:00:00,313.8117891991244,Residential,4746,440
R1,2025-12-24 02:00:00,357.5189256263529,Residential,6781,300
R2,2025-12-24 02:00:00,371.3518197853879,Commercial,7086,450
R3,2025-12-24 02:00:00,262.67592942818203,Residential,7624,400
R4,2025-12-24 02:00:00,124.88528662524831,Residential,4746,440
R1,2025-12-24 03:00:00,139.27750500484052,Residential,6781,300
R2,2025-12-24 03:00:00,115.56425854742034,Commercial,7086,450
R3,2025-12-24 03:00:00,222.96486997842402,Residential,7624,400
R4,2025-12-24 03:00:00,103.58065980941123,Residential,4746,440
R1,2025-12-24 04:00:00,138.6453561493799,Residential,6781,300
R2,2025-12-24 04:00:00,368.2271213502986,Commercial,7086,450
R3,2025-12-24 04:00:00,333.71223464634943,Residential,7624,400
R4,2025-12-24 04:00:00,300.1005014627103,Residential,4746,440
R1,2025-12-24 05:00:00,244.96723538431502,Residential,6781,300
R2,2025-12-24 05:00:00,155.08388709438609,Commercial,7086,450
R3,2025-12-24 05:00:00,333.6405006514203,Residential,7624,400
R4,2025-12-24 05:00:00,260.21648615298267,Residential,4746,440
R1,2025-12-24 06:00:00,231.74631687452836,Residential,6781,300
R2,2025-12-24 06:00:00,355.67741821794607,Commercial,7086,450
R3,2025-12-24 06:00:00,299.4143785224558,Residential,7624,400
R4,2025-12-24 06:00:00,277.72470609111423,Residential,4746,440
R1,2025-12-24 07:00:00,302.11904588664686,Residential,6781,300
R2,2025-12-24 07:00:00,363.3908513180101,Commercial,7086,450
R3,2025-12-24 07:00:00,156.97757245717798,Residential,7624,400
R4,2025-12-24 07:00:00,125.18066219578863,Residential,4746,440
R1,2025-12-24 08:00:00,264.1078975558215,Residential,6781,300
R2,2025-12-24 08:00:00,138.8421201878694,Commercial,7086,450
R3,2025-12-24 08:00:00,285.41114163877774,Residential,7624,400
R4,2025-12-24 08:00:00,125.39854127934831,Residential,4746,440
R1,2025-12-24 09:00:00,363.13231304831555,Residential,6781,300
R2,2025-12-24 09:00:00,130.78206077351194,Commercial,7086,450
R3,2025-12-24 09:00:00,125.09114382683045,Residential,7624,400
R4,2025-12-24 09:00:00,137.16958082372867,Residential,4746,440
R1,2025-12-24 10:00:00,270.64187975810233,Residential,6781,300
R2,2025-12-24 10:00:00,376.86137904626895,Commercial,7086,450
R3,2025-12-24 10:00:00,205.00154749864112,Residential,7624,400
R4,2025-12-24 10:00:00,341.05629707865353,Residential,4746,440
R1,2025-12-24 11:00:00,283.59729935849026,Residential,6781,300
R2,2025-12-24 11:00:00,228.15735282975385,Commercial,7086,450
R3,2025-12-24 11:00:00,340.8718699413989,Residential,7624,400
R4,2025-12-24 11:00:00,197.31269235787212,Residential,4746,440
R1,2025-12-24 12:00:00,330.325567565499,Residential,6781,300
R2,2025-12-24 12:00:00,152.6872365454045,Commercial,7086,450
R3,2025-12-24 12:00:00,306.02605092371874,Residential,7624,400
R4,2025-12-24 12:00:00,207.94224138368998,Residential,4746,440
R1,2025-12-24 13:00:00,270.9595233691409,Residential,6781,300
R2,2025-12-24 13:00:00,259.43418982707215,Commercial,7086,450
R3,2025-12-24 13:00:00,99.86995234661528,Residential,7624,400
R4,2025-12-24 13:00:00,396.3703512521202,Residential,4746,440
R1,2025-12-24 14:00:00,382.46121756743406,Residential,6781,300
R2,2025-12-24 14:00:00,107.41349333908829,Commercial,7086,450
R3,2025-12-24 14:00:00,370.12792779057156,Residential,7624,400
R4,2025-12-24 14:00:00,138.23084572095553,Residential,4746,440
R1,2025-12-24 15:00:00,199.2220256199504,Residential,6781,300
R2,2025-12-24 15:00:00,267.7928905686642,Commercial,7086,450
R3,2025-12-24 15:00:00,157.36341687065502,Residential,7624,400
R4,2025-12-24 15:00:00,143.75312870040295,Residential,4746,440
R1,2025-12-24 16:00:00,165.16897259260648,Residential,6781,300
R2,2025-12-24 16:00:00,333.09650458188065,Commercial,7086,450
R3,2025-12-24 16:00:00,190.9262182662403,Residential,7624,400
R4,2025-12-24 16:00:00,262.2501947141991,Residential,4746,440
R1,2025-12-24 17:00:00,331.3844757451152,Residential,6781,300
R2,2025-12-24 17:00:00,307.97546948404124,Commercial,7086,450
R3,2025-12-24 17:00:00,181.34559314023167,Residential,7624,400
R4,2025-12-24 17:00:00,130.7588935700213,Residential,4746,440
R1,2025-12-24 18:00:00,107.11443836349449,Residential,6781,300
R2,2025-12-24 18:00:00,359.13551056136157,Commercial,7086,450
R3,2025-12-24 18:00:00,100.56288988903293,Residential,7624,400
R4,2025-12-24 18:00:00,127.71780882261226,Residential,4746,440
R1,2025-12-24 19:00:00,196.33624226174092,Residential,6781,300
R2,2025-12-24 19:00:00,178.58895735483242,Commercial,7086,450
R3,2025-12-24 19:00:00,166.77956700703783,Residential,7624,400
R4,2025-12-24 19:00:00,151.95878371151076,Residential,4746,440
R1,2025-12-24 20:00:00,347.7548630820594,Residential,6781,300
R2,2025-12-24 20:00:00,273.90084532340325,Commercial,7086,450
R3,2025-12-24 20:00:00,161.74026845630326,Residential,7624,400
R4,2025-12-24 20:00:00,221.22178798152373,Residential,4746,440
R1,2025-12-24 21:00:00,122.64435834479983,Residential,6781,300
R2,2025-12-24 21:00:00,129.66986461344413,Commercial,7086,450
R3,2025-12-24 21:00:00,338.120334382087,Residential,7624,400
R4,2025-12-24 21:00:00,149.21041678006486,Residential,4746,440
R1,2025-12-24 22:00:00,174.80565016165883,Residential,6781,300
R2,2025-12-24 22:00:00,250.28528041472444,Commercial,7086,450
R3,2025-12-24 22:00:00,155.2454928718743,Residential,7624,400
R4,2025-12-24 22:00:00,259.15021245655316,Residential,4746,440
R1,2025-12-24 23:00:00,182.3755206147972,Residential,6781,300
R2,2025-12-24 23:00:00,206.9723658947243,Commercial,7086,450
R3,2025-12-24 23:00:00,397.7151187689609,Residential,7624,400
R4,2025-12-24 23:00:00,284.31507476247407,Residential,4746,440
R1,2025-12-25 00:00:00,316.39017953263885,Residential,6781,300
R2,2025-12-25 00:00:00,279.10322967685215,Commercial,7086,450
R3,2025-12-25 00:00:00,251.66682337964076,Residential,7624,400
R4,2025-12-25 00:00:00,133.68466018000447,Residential,4746,440
R1,2025-12-25 01:00:00,185.07734561075412,Residential,6781,300
R2,2025-12-25 01:00:00,285.8713259668876,Commercial,7086,450
R3,2025-12-25 01:00:00,328.09163171949956,Residential,7624,400
R4,2025-12-25 01:00:00,142.173174489762,Residential,4746,440
R1,2025-12-25 02:00:00,392.8975034444578,Residential,6781,300
R2,2025-12-25 02:00:00,352.7110404173005,Commercial,7086,450
R3,2025-12-25 02:00:00,151.1877098567324,Residential,7624,400
R4,2025-12-25 02:00:00,233.28503198920242,Residential,4746,440
R1,2025-12-25 03:00:00,230.15139260391481,Residential,6781,300
R2,2025-12-25 03:00:00,297.32708934691914,Commercial,7086,450
R3,2025-12-25 03:00:00,259.1663079279457,Residential,7624,400
R4,2025-12-25 03:00:00,138.50130561064788,Residential,4746,440
R1,2025-12-25 04:00:00,119.45302514766198,Residential,6781,300
R2,2025-12-25 04:00:00,391.18640605065747,Commercial,7086,450
R3,2025-12-25 04:00:00,231.29412836928154,Residential,7624,400
R4,2025-12-25 04:00:00,320.00579561294217,Residential,4746,440
R1,2025-12-25 05:00:00,340.3619950129373,Residential,6781,300
R2,2025-12-25 05:00:00,133.95338930482387,Commercial,7086,450
R3,2025-12-25 05:00:00,102.85028502461958,Residential,7624,400
R4,2025-12-25 05:00:00,135.97170134122217,Residential,4746,440
R1,2025-12-25 06:00:00,104.21351969094182,Residential,6781,300
R2,2025-12-25 06:00:00,394.231893171942,Commercial,7086,450
R3,2025-12-25 06:00:00,378.18890885804524,Residential,7624,400
R4,2025-12-25 06:00:00,141.45287804039845,Residential,4746,440
R1,2025-12-25 07:00:00,368.937369568232,Residential,6781,300
R2,2025-12-25 07:00:00,101.40998333074694,Commercial,7086,450
R3,2025-12-25 07:00:00,325.35012200538455,Residential,7624,400
R4,2025-12-25 07:00:00,393.9358396686224,Residential,4746,440
R1,2025-12-25 08:00:00,237.83256348799858,Residential,6781,300
R2,2025-12-25 08:00:00,222.99411336391586,Commercial,7086,450
R3,2025-12-25 08:00:00,328.55807631264645,Residential,7624,400
R4,2025-12-25 08:00:00,214.3107681065251,Residential,4746,440
R1,2025-12-25 09:00:00,181.77905854902053,Residential,6781,300
R2,2025-12-25 09:00:00,352.38522452305637,Commercial,7086,450
R3,2025-12-25 09:00:00,162.50511072086874,Residential,7624,400
R4,2025-12-25 09:00:00,121.7111759523236,Residential,4746,440
R1,2025-12-25 10:00:00,188.93257220226803,Residential,6781,300
R2,2025-12-25 10:00:00,268.2653404308883,Commercial,7086,450
R3,2025-12-25 10:00:00,139.8349731801956,Residential,7624,400
R4,2025-12-25 10:00:00,288.817434274568,Residential,4746,440
R1,2025-12-25 11:00:00,342.028013608784,Residential,6781,300
R2,2025-12-25 11:00:00,121.6646989380255,Commercial,7086,450
R3,2025-12-25 11:00:00,373.00741337045145,Residential,7624,400
R4,2025-12-25 11:00:00,84.64928692873474,Residential,4746,440
R1,2025-12-25 12:00:00,302.0912617664717,Residential,6781,300
R2,2025-12-25 12:00:00,260.6243867238847,Commercial,7086,450
R3,2025-12-25 12:00:00,247.0438366919859,Residential,7624,400
R4,2025-12-25 12:00:00,202.377087784896,Residential,4746,440
R1,2025-12-25 13:00:00,155.5072963053683,Residential,6781,300
R2,2025-12-25 13:00:00,354.3415424432238,Commercial,7086,450
R3,2025-12-25 13:00:00,371.60422825946904,Residential,7624,400
R4,2025-12-25 13:00:00,265.4747960261136,Residential,4746,440
R1,2025-12-25 14:00:00,135.4598920180662,Residential,6781,300
R2,2025-12-25 14:00:00,394.9111305653206,Commercial,7086,450
R3,2025-12-25 14:00:00,82.88553613104945,Residential,7624,400
R4,2025-12-25 14:00:00,345.03188963548786,Residential,4746,440
R1,2025-12-25 15:00:00,337.16939069719564,Residential,6781,300
R2,2025-12-25 15:00:00,332.6338193755159,Commercial,7086,450
R3,2025-12-25 15:00:00,166.3025769064882,Residential,7624,400
R4,2025-12-25 15:00:00,85.05937672435088,Residential,4746,440
R1,2025-12-25 16:00:00,156.3493337360389,Residential,6781,300
R2,2025-12-25 16:00:00,374.15140460500186,Commercial,7086,450
R3,2025-12-25 16:00:00,184.25608909881575,Residential,7624,400
R4,2025-12-25 16:00:00,325.80108626129356,Residential,4746,440
R1,2025-12-25 17:00:00,129.29460367346965,Residential,6781,300
R2,2025-12-25 17:00:00,332.1627866306497,Commercial,7086,450
R3,2025-12-25 17:00:00,155.46300838581303,Residential,7624,400
R4,2025-12-25 17:00:00,204.95566120330196,Residential,4746,440
R1,2025-12-25 18:00:00,218.4421893442688,Residential,6781,300
R2,2025-12-25 18:00:00,199.16570850384312,Commercial,7086,450
R3,2025-12-25 18:00:00,103.07136767598169,Residential,7624,400
R4,2025-12-25 18:00:00,208.1707964001037,Residential,4746,440
R1,2025-12-25 19:00:00,158.13156015203563,Residential,6781,300
R2,2025-12-25 19:00:00,200.67114358964437,Commercial,7086,450
R3,2025-12-25 19:00:00,273.2163806904555,Residential,7624,400
R4,2025-12-25 19:00:00,83.82472324817854,Residential,4746,440
R1,2025-12-25 20:00:00,157.84603329853263,Residential,6781,300
R2,2025-12-25 20:00:00,312.5454860097881,Commercial,7086,450
R3,2025-12-25 20:00:00,264.3897232659691,Residential,7624,400
R4,2025-12-25 20:00:00,370.3589565463734,Residential,4746,440
R1,2025-12-25 21:00:00,89.34802006159877,Residential,6781,300
R2,2025-12-25 21:00:00,373.5219858835109,Commercial,7086,450
R3,2025-12-25 21:00:00,309.75618876839735,Residential,7624,400
R4,2025-12-25 21:00:00,350.40089936599725,Residential,4746,440
R1,2025-12-25 22:00:00,199.84386850100265,Residential,6781,300
R2,2025-12-25 22:00:00,217.4781674989174,Commercial,7086,450
R3,2025-12-25 22:00:00,268.4288462422854,Residential,7624,400
R4,2025-12-25 22:00:00,229.32454455430442,Residential,4746,440
R1,2025-12-25 23:00:00,390.01169822661467,Residential,6781,300
R2,2025-12-25 23:00:00,235.2846860605536,Commercial,7086,450
R3,2025-12-25 23:00:00,117.58851492708712,Residential,7624,400
R4,2025-12-25 23:00:00,149.8869418234841,Residential,4746,440
R1,2025-12-26 00:00:00,360.15143932434864,Residential,6781,300
R2,2025-12-26 00:00:00,334.3739447598319,Commercial,7086,450
R3,2025-12-26 00:00:00,211.17979904585803,Residential,7624,400
R4,2025-12-26 00:00:00,81.06142574952841,Residential,4746,440
R1,2025-12-26 01:00:00,162.9999662915188,Residential,6781,300
R2,2025-12-26 01:00:00,208.40115523468083,Commercial,7086,450
R3,2025-12-26 01:00:00,182.37641017536902,Residential,7624,400
R4,2025-12-26 01:00:00,321.1277859606735,Residential,4746,440
R1,2025-12-26 02:00:00,202.23418463128354,Residential,6781,300
R2,2025-12-26 02:00:00,304.787724357088,Commercial,7086,450
R3,2025-12-26 02:00:00,289.74896607925336,Residential,7624,400
R4,2025-12-26 02:00:00,334.92073908846226,Residential,4746,440
R1,2025-12-26 03:00:00,260.239890515169,Residential,6781,300
R2,2025-12-26 03:00:00,149.40536168162436,Commercial,7086,450
R3,2025-12-26 03:00:00,248.26642271426945,Residential,7624,400
R4,2025-12-26 03:00:00,386.5055911396028,Residential,4746,440
R1,2025-12-26 04:00:00,99.05354152865378,Residential,6781,300
R2,2025-12-26 04:00:00,337.54897702341975,Commercial,7086,450
R3,2025-12-26 04:00:00,185.30959328678472,Residential,7624,400
R4,2025-12-26 04:00:00,397.7569699119165,Residential,4746,440
R1,2025-12-26 05:00:00,90.84103391569016,Residential,6781,300
R2,2025-12-26 05:00:00,205.49506235950702,Commercial,7086,450
R3,2025-12-26 05:00:00,176.61999645314307,Residential,7624,400
R4,2025-12-26 05:00:00,240.09360568004394,Residential,4746,440
R1,2025-12-26 06:00:00,120.48703415108037,Residential,6781,300
R2,2025-12-26 06:00:00,277.9065862050103,Commercial,7086,450
R3,2025-12-26 06:00:00,111.89933963152285,Residential,7624,400
R4,2025-12-26 06:00:00,244.04730605078018,Residential,4746,440
R1,2025-12-26 07:00:00,164.17850038556165,Residential,6781,300
R2,2025-12-26 07:00:00,264.66029915706446,Commercial,7086,450
R3,2025-12-26 07:00:00,99.74492482011968,Residential,7624,400
R4,2025-12-26 07:00:00,185.32819625771208,Residential,4746,440
R1,2025-12-26 08:00:00,387.11477307535995,Residential,6781,300
R2,2025-12-26 08:00:00,383.0731139725406,Commercial,7086,450
R3,2025-12-26 08:00:00,299.0271045747624,Residential,7624,400
R4,2025-12-26 08:00:00,253.3843954361597,Residential,4746,440
R1,2025-12-26 09:00:00,304.16943964178574,Residential,6781,300
R2,2025-12-26 09:00:00,378.2764786347577,Commercial,7086,450
R3,2025-12-26 09:00:00,172.75183852554392,Residential,7624,400
R4,2025-12-26 09:00:00,126.30580652891936,Residential,4746,440
R1,2025-12-26 10:00:00,96.9186138098978,Residential,6781,300
R2,2025-12-26 10:00:00,392.87719605141933,Commercial,7086,450
R3,2025-12-26 10:00:00,237.7959384268621,Residential,7624,400
R4,2025-12-26 10:00:00,284.24626031107374,Residential,4746,440
R1,2025-12-26 11:00:00,228.6293821239521,Residential,6781,300
R2,2025-12-26 11:00:00,267.01045064617165,Commercial,7086,450
R3,2025-12-26 11:00:00,294.2672283315562,Residential,7624,400
R4,2025-12-26 11:00:00,362.3933591894471,Residential,4746,440
R1,2025-12-26 12:00:00,397.0910038274766,Residential,6781,300
R2,2025-12-26 12:00:00,260.7221068425524,Commercial,7086,450
R3,2025-12-26 12:00:00,272.3214513269526,Residential,7624,400
R4,2025-12-26 12:00:00,352.38339272964845,Residential,4746,440
R1,2025-12-26 13:00:00,101.8661827324204,Residential,6781,300
R2,2025-12-26 13:00:00,99.5896265773676,Commercial,7086,450
R3,2025-12-26 13:00:00,363.7661508538285,Residential,7624,400
R4,2025-12-26 13:00:00,203.11001384164453,Residential,4746,440
R1,2025-12-26 14:00:00,268.1888428805206,Residential,6781,300
R2,2025-12-26 14:00:00,187.01267057461453,Commercial,7086,450
R3,2025-12-26 14:00:00,182.934252319214,Residential,7624,400
R4,2025-12-26 14:00:00,353.1026764139323,Residential,4746,440
R1,2025-12-26 15:00:00,357.07037104977326,Residential,6781,300
R2,2025-12-26 15:00:00,99.03160787504184,Commercial,7086,450
R3,2025-12-26 15:00:00,135.8742593016005,Residential,7624,400
R4,2025-12-26 15:00:00,277.8190774560912,Residential,4746,440
R1,2025-12-26 16:00:00,307.6232531472374,Residential,6781,300
R2,2025-12-26 16:00:00,393.1259990699289,Commercial,7086,450
R3,2025-12-26 16:00:00,212.711372994395,Residential,7624,400
R4,2025-12-26 16:00:00,385.77124277306456,Residential,4746,440
R1,2025-12-26 17:00:00,223.6118581557967,Residential,6781,300
R2,2025-12-26 17:00:00,168.9773670827587,Commercial,7086,450
R3,2025-12-26 17:00:00,321.5529732331198,Residential,7624,400
R4,2025-12-26 17:00:00,343.596452450801,Residential,4746,440
R1,2025-12-26 18:00:00,91.72987344978264,Residential,6781,300
R2,2025-12-26 18:00:00,393.8492047024555,Commercial,7086,450
R3,2025-12-26 18:00:00,195.22985666266524,Residential,7624,400
R4,2025-12-26 18:00:00,316.77582481147334,Residential,4746,440
R1,2025-12-26 19:00:00,288.7420460324811,Residential,6781,300
R2,2025-12-26 19:00:00,364.4243557355856,Commercial,7086,450
R3,2025-12-26 19:00:00,163.98390352965464,Residential,7624,400
R4,2025-12-26 19:00:00,192.1396042722714,Residential,4746,440
R1,2025-12-26 20:00:00,309.6539139731408,Residential,6781,300
R2,2025-12-26 20:00:00,251.4699808203396,Commercial,7086,450
R3,2025-12-26 20:00:00,302.299766412373,Residential,7624,400
R4,2025-12-26 20:00:00,197.41777010980766,Residential,4746,440
R1,2025-12-26 21:00:00,179.56566433930615,Residential,6781,300
R2,2025-12-26 21:00:00,255.00471127026015,Commercial,7086,450
R3,2025-12-26 21:00:00,113.96044710347996,Residential,7624,400
R4,2025-12-26 21:00:00,331.28572438098564,Residential,4746,440
R1,2025-12-26 22:00:00,102.60197109982175,Residential,6781,300
R2,2025-12-26 22:00:00,280.3131909447641,Commercial,7086,450
R3,2025-12-26 22:00:00,281.7029160142493,Residential,7624,400
R4,2025-12-26 22:00:00,343.0291367235724,Residential,4746,440
R1,2025-12-26 23:00:00,178.18173484153758,Residential,6781,300
R2,2025-12-26 23:00:00,387.31524131046126,Commercial,7086,450
R3,2025-12-26 23:00:00,321.0570865948073,Residential,7624,400
R4,2025-12-26 23:00:00,120.98262470022593,Residential,4746,440
R1,2025-12-27 00:00:00,322.5139389044708,Residential,6781,300
R2,2025-12-27 00:00:00,211.49049970744645,Commercial,7086,450
R3,2025-12-27 00:00:00,199.01667870016104,Residential,7624,400
R4,2025-12-27 00:00:00,364.32285804511184,Residential,4746,440
R1,2025-12-27 01:00:00,266.7201222328588,Residential,6781,300
R2,2025-12-27 01:00:00,99.20957085551504,Commercial,7086,450
R3,2025-12-27 01:00:00,152.60841196262368,Residential,7624,400
R4,2025-12-27 01:00:00,203.40236295305408,Residential,4746,440
R1,2025-12-27 02:00:00,196.42285028851202,Residential,6781,300
R2,2025-12-27 02:00:00,220.6252308599175,Commercial,7086,450
R3,2025-12-27 02:00:00,251.10789015059507,Residential,7624,400
R4,2025-12-27 02:00:00,110.2688102118208,Residential,4746,440
R1,2025-12-27 03:00:00,217.01918004280913,Residential,6781,300
R2,2025-12-27 03:00:00,166.15660662558113,Commercial,7086,450
R3,2025-12-27 03:00:00,118.03002109197035,Residential,7624,400
R4,2025-12-27 03:00:00,127.34571777412609,Residential,4746,440
R1,2025-12-27 04:00:00,161.8728228512926,Residential,6781,300
R2,2025-12-27 04:00:00,372.4836382097671,Commercial,7086,450
R3,2025-12-27 04:00:00,347.3735026299745,Residential,7624,400
R4,2025-12-27 04:00:00,399.029697639916,Residential,4746,440
R1,2025-12-27 05:00:00,362.92833257277033,Residential,6781,300
R2,2025-12-27 05:00:00,232.55537739847426,Commercial,7086,450
R3,2025-12-27 05:00:00,225.3643641330625,Residential,7624,400
R4,2025-12-27 05:00:00,99.93424557683713,Residential,4746,440
R1,2025-12-27 06:00:00,278.59166652822637,Residential,6781,300
R2,2025-12-27 06:00:00,316.10141021182926,Commercial,7086,450
R3,2025-12-27 06:00:00,222.42260468400366,Residential,7624,400
R4,2025-12-27 06:00:00,305.0301419609751,Residential,4746,440
R1,2025-12-27 07:00:00,214.8721912728053,Residential,6781,300
R2,2025-12-27 07:00:00,195.0905597337804,Commercial,7086,450
R3,2025-12-27 07:00:00,291.9461202131339,Residential,7624,400
R4,2025-12-27 07:00:00,178.61146638170837,Residential,4746,440
R1,2025-12-27 08:00:00,184.26087944575656,Residential,6781,300
R2,2025-12-27 08:00:00,279.8106291791052,Commercial,7086,450
R3,2025-12-27 08:00:00,178.92715905433195,Residential,7624,400
R4,2025-12-27 08:00:00,248.38011178134184,Residential,4746,440
R1,2025-12-27 09:00:00,97.49028010218535,Residential,6781,300
R2,2025-12-27 09:00:00,349.98913623675304,Commercial,7086,450
R3,2025-12-27 09:00:00,191.29694889556148,Residential,7624,400
R4,2025-12-27 09:00:00,185.2264671222071,Residential,4746,440
R1,2025-12-27 10:00:00,382.7549119670622,Residential,6781,300
R2,2025-12-27 10:00:00,189.58257700751852,Commercial,7086,450
R3,2025-12-27 10:00:00,152.8188272531251,Residential,7624,400
R4,2025-12-27 10:00:00,327.2623293454131,Residential,4746,440
R1,2025-12-27 11:00:00,228.11189303854087,Residential,6781,300
R2,2025-12-27 11:00:00,292.9851771561674,Commercial,7086,450
R3,2025-12-27 11:00:00,224.21250405449905,Residential,7624,400
R4,2025-12-27 11:00:00,339.9057685011099,Residential,4746,440
R1,2025-12-27 12:00:00,170.3544536833526,Residential,6781,300
R2,2025-12-27 12:00:00,159.57689530373597,Commercial,7086,450
R3,2025-12-27 12:00:00,346.9117811394789,Residential,7624,400
R4,2025-12-27 12:00:00,376.59248002417365,Residential,4746,440
R1,2025-12-27 13:00:00,359.39212748602165,Residential,6781,300
R2,2025-12-27 13:00:00,155.01368042010117,Commercial,7086,450
R3,2025-12-27 13:00:00,163.95478608183237,Residential,7624,400
R4,2025-12-27 13:00:00,319.41565675093256,Residential,4746,440
R1,2025-12-27 14:00:00,129.19836788169007,Residential,6781,300
R2,2025-12-27 14:00:00,333.344400818787,Commercial,7086,450
R3,2025-12-27 14:00:00,339.6676033582759,Residential,7624,400
R4,2025-12-27 14:00:00,276.3058396849267,Residential,4746,440
R1,2025-12-27 15:00:00,214.13609938548095,Residential,6781,300
R2,2025-12-27 15:00:00,86.16260623259802,Commercial,7086,450
R3,2025-12-27 15:00:00,360.2532913152117,Residential,7624,400
R4,2025-12-27 15:00:00,124.90086895269624,Residential,4746,440
R1,2025-12-27 16:00:00,327.2813419411405,Residential,6781,300
R2,2025-12-27 16:00:00,192.51970617010002,Commercial,7086,450
R3,2025-12-27 16:00:00,200.3514980706673,Residential,7624,400
R4,2025-12-27 16:00:00,271.7751420447181,Residential,4746,440
R1,2025-12-27 17:00:00,145.8827862422906,Residential,6781,300
R2,2025-12-27 17:00:00,323.7112762579643,Commercial,7086,450
R3,2025-12-27 17:00:00,207.4805251144864,Residential,7624,400
R4,2025-12-27 17:00:00,252.19186417312375,Residential,4746,440
R1,2025-12-27 18:00:00,220.01153964055163,Residential,6781,300
R2,2025-12-27 18:00:00,211.91202203770249,Commercial,7086,450
R3,2025-12-27 18:00:00,107.22806507713639,Residential,7624,400
R4,2025-12-27 18:00:00,123.19418173910073,Residential,4746,440
R1,2025-12-27 19:00:00,382.61018639005783,Residential,6781,300
R2,2025-12-27 19:00:00,139.59004912101278,Commercial,7086,450
R3,2025-12-27 19:00:00,158.62379813716646,Residential,7624,400
R4,2025-12-27 19:00:00,131.70320972541506,Residential,4746,440
R1,2025-12-27 20:00:00,182.99573798455927,Residential,6781,300
R2,2025-12-27 20:00:00,214.08083942735175,Commercial,7086,450
R3,2025-12-27 20:00:00,97.32172249390698,Residential,7624,400
R4,2025-12-27 20:00:00,393.1142296429679,Residential,4746,440
R1,2025-12-27 21:00:00,312.55211269887536,Residential,6781,300
R2,2025-12-27 21:00:00,366.19595777786384,Commercial,7086,450
R3,2025-12-27 21:00:00,398.3981574951313,Residential,7624,400
R4,2025-12-27 21:00:00,127.58906932173969,Residential,4746,440
R1,2025-12-27 22:00:00,250.55724990268152,Residential,6781,300
R2,2025-12-27 22:00:00,383.73122031049513,Commercial,7086,450
R3,2025-12-27 22:00:00,367.252811415758,Residential,7624,400
R4,2025-12-27 22:00:00,211.3872630207003,Residential,4746,440
R1,2025-12-27 23:00:00,111.64329975295433,Residential,6781,300
R2,2025-12-27 23:00:00,179.27695449208306,Commercial,7086,450
R3,2025-12-27 23:00:00,313.23279838980113,Residential,7624,400
R4,2025-12-27 23:00:00,129.2467338744703,Residential,4746,440
R1,2025-12-28 00:00:00,344.71744585769295,Residential,6781,300
R2,2025-12-28 00:00:00,114.20064759822378,Commercial,7086,450
R3,2025-12-28 00:00:00,160.5901349265461,Residential,7624,400
R4,2025-12-28 00:00:00,308.4144037013133,Residential,4746,440
